﻿Frequenza;Territorio;Indicatore;Sesso;TIME_PERIOD;Osservazione;'Stato dell"'osservazione';Indicatore (NOTE_DATA_TYPE);Sesso (NOTE_SEX);Tempo (NOTE_TIME_PERIOD);Anno base;Unità di misura;Unità di moltiplicazione
Annuale;'Reggio nell"'Emilia';Popolazione censita al 1° gennaio;Totale;2023;526990;;;;;;;
Annuale;'Reggio nell"'Emilia';Popolazione censita al 1° gennaio;Totale;2024;528877;;;;;;;
Annuale;'Reggio nell"'Emilia';Nati vivi;Totale;2023;3571;;;;;;;
Annuale;'Reggio nell"'Emilia';Nati vivi;Totale;2024;3504;Dato provvisorio;;;;;;
Annuale;'Reggio nell"'Emilia';Morti;Totale;2023;5474;;;;;;;
Annuale;'Reggio nell"'Emilia';Morti;Totale;2024;5399;Dato provvisorio;;;;;;
Annuale;'Reggio nell"'Emilia';Saldo naturale;Totale;2023;-1903;;;;;;;
Annuale;'Reggio nell"'Emilia';Saldo naturale;Totale;2024;-1895;Dato provvisorio;;;;;;
Annuale;'Reggio nell"'Emilia';Immigrati da altro comune;Totale;2023;14636;;;;;;;
Annuale;'Reggio nell"'Emilia';Immigrati da altro comune;Totale;2024;14259;Dato provvisorio;;;;;;
Annuale;'Reggio nell"'Emilia';Emigrati per altro comune;Totale;2023;13193;;;;;;;
Annuale;'Reggio nell"'Emilia';Emigrati per altro comune;Totale;2024;12981;Dato provvisorio;;;;;;
Annuale;'Reggio nell"'Emilia';Saldo migratorio interno;Totale;2023;1443;;;;;;;
Annuale;'Reggio nell"'Emilia';Saldo migratorio interno;Totale;2024;1278;Dato provvisorio;;;;;;
Annuale;'Reggio nell"'Emilia';'Immigrati dall"'estero';Totale;2023;4270;;;;;;;
Annuale;'Reggio nell"'Emilia';'Immigrati dall"'estero';Totale;2024;4458;Dato provvisorio;;;;;;
Annuale;'Reggio nell"'Emilia';'Emigrati per l"'estero';Totale;2023;1421;;;;;;;
Annuale;'Reggio nell"'Emilia';'Emigrati per l"'estero';Totale;2024;1605;Dato provvisorio;;;;;;
Annuale;'Reggio nell"'Emilia';'Saldo migratorio con l"'estero';Totale;2023;2849;;;;;;;
Annuale;'Reggio nell"'Emilia';'Saldo migratorio con l"'estero';Totale;2024;2853;Dato provvisorio;;;;;;
Annuale;'Reggio nell"'Emilia';Iscritti per altri motivi;Totale;2024;151;Dato provvisorio;Dati in corso di validazione. I dati saranno rivisti nel bilancio demografico definitivo dell’anno, in seguito al rilascio dei dati dell’ultimo censimento permanente.;;;;;
Annuale;'Reggio nell"'Emilia';Cancellati per altri motivi;Totale;2024;1801;Dato provvisorio;Dati in corso di validazione. I dati saranno rivisti nel bilancio demografico definitivo dell’anno, in seguito al rilascio dei dati dell’ultimo censimento permanente.;;;;;
Annuale;'Reggio nell"'Emilia';Unità in più/meno dovute a variazioni territoriali;Totale;2023;0;;;;;;;
Annuale;'Reggio nell"'Emilia';Unità in più/meno dovute a variazioni territoriali;Totale;2024;0;Dato provvisorio;;;;;;
Annuale;'Reggio nell"'Emilia';Aggiustamento statistico;Totale;2023;-502;;'L"'aggiustamento statistico incorpora due componenti, il saldo delle poste relative a iscrizioni e cancellazioni anagrafiche per altri motivi e il saldo delle operazioni di sovra e sotto copertura censuaria.';;;;;
Annuale;'Reggio nell"'Emilia';Saldo totale;Totale;2023;1887;;;;;;;
Annuale;'Reggio nell"'Emilia';Popolazione censita al 31 dicembre;Totale;2023;528877;;;;;;;
Annuale;'Reggio nell"'Emilia';Popolazione al 31 dicembre;Totale;2024;531113;Dato provvisorio;;;;;;
Annuale;'Reggio nell"'Emilia';Numero di famiglie al 31 dicembre;Totale;2023;233693;;;;;;;
Annuale;'Reggio nell"'Emilia';Popolazione censita al 31 dicembre residente in famiglia;Totale;2023;526320;;;;;;;
Annuale;'Reggio nell"'Emilia';Numero medio di componenti per famiglia al 31 dicembre;Totale;2023;2.3;;;;;;;
Annuale;'Reggio nell"'Emilia';Numero di convivenze al 31 dicembre;Totale;2023;357;;;;;;;
Annuale;'Reggio nell"'Emilia';Popolazione censita al 31 dicembre residente in convivenza;Totale;2023;2557;;;;;;;
