﻿Frequenza;Territorio;Indicatore;TIME_PERIOD;Osservazione;'Stato dell"'osservazione'
Annuale;Bologna;Tasso di natalità (per mille abitanti);2002;8.8;
Annuale;Bologna;Tasso di natalità (per mille abitanti);2003;8.6;
Annuale;Bologna;Tasso di natalità (per mille abitanti);2004;9.1;
Annuale;Bologna;Tasso di natalità (per mille abitanti);2005;9;
Annuale;Bologna;Tasso di natalità (per mille abitanti);2006;9.3;
Annuale;Bologna;Tasso di natalità (per mille abitanti);2007;9.3;
Annuale;Bologna;Tasso di natalità (per mille abitanti);2008;9.2;
Annuale;Bologna;Tasso di natalità (per mille abitanti);2009;9.4;
Annuale;Bologna;Tasso di natalità (per mille abitanti);2010;8.9;
Annuale;Bologna;Tasso di natalità (per mille abitanti);2011;8.9;
Annuale;Bologna;Tasso di natalità (per mille abitanti);2012;8.6;
Annuale;Bologna;Tasso di natalità (per mille abitanti);2013;8.5;
Annuale;Bologna;Tasso di natalità (per mille abitanti);2014;8.3;
Annuale;Bologna;Tasso di natalità (per mille abitanti);2015;8.1;
Annuale;Bologna;Tasso di natalità (per mille abitanti);2016;7.8;
Annuale;Bologna;Tasso di natalità (per mille abitanti);2017;7.4;
Annuale;Bologna;Tasso di natalità (per mille abitanti);2018;7.4;
Annuale;Bologna;Tasso di natalità (per mille abitanti);2019;7;
Annuale;Bologna;Tasso di natalità (per mille abitanti);2020;6.8;
Annuale;Bologna;Tasso di natalità (per mille abitanti);2021;6.9;
Annuale;Bologna;Tasso di natalità (per mille abitanti);2022;6.7;
Annuale;Bologna;Tasso di natalità (per mille abitanti);2023;6.4;
Annuale;Bologna;Tasso di natalità (per mille abitanti);2024;6.4;Dato provvisorio
Annuale;Bologna;Tasso di mortalità (per mille abitanti);2002;11.6;
Annuale;Bologna;Tasso di mortalità (per mille abitanti);2003;12.3;
Annuale;Bologna;Tasso di mortalità (per mille abitanti);2004;11.4;
Annuale;Bologna;Tasso di mortalità (per mille abitanti);2005;11.8;
Annuale;Bologna;Tasso di mortalità (per mille abitanti);2006;11.5;
Annuale;Bologna;Tasso di mortalità (per mille abitanti);2007;11.5;
Annuale;Bologna;Tasso di mortalità (per mille abitanti);2008;11.6;
Annuale;Bologna;Tasso di mortalità (per mille abitanti);2009;11.6;
Annuale;Bologna;Tasso di mortalità (per mille abitanti);2010;11.3;
Annuale;Bologna;Tasso di mortalità (per mille abitanti);2011;11.5;
Annuale;Bologna;Tasso di mortalità (per mille abitanti);2012;11.6;
Annuale;Bologna;Tasso di mortalità (per mille abitanti);2013;11.1;
Annuale;Bologna;Tasso di mortalità (per mille abitanti);2014;11.1;
Annuale;Bologna;Tasso di mortalità (per mille abitanti);2015;12.2;
Annuale;Bologna;Tasso di mortalità (per mille abitanti);2016;11.3;
Annuale;Bologna;Tasso di mortalità (per mille abitanti);2017;11.7;
Annuale;Bologna;Tasso di mortalità (per mille abitanti);2018;11.5;
Annuale;Bologna;Tasso di mortalità (per mille abitanti);2019;11.4;
Annuale;Bologna;Tasso di mortalità (per mille abitanti);2020;13;
Annuale;Bologna;Tasso di mortalità (per mille abitanti);2021;12.7;
Annuale;Bologna;Tasso di mortalità (per mille abitanti);2022;12.5;
Annuale;Bologna;Tasso di mortalità (per mille abitanti);2023;11.7;
Annuale;Bologna;Tasso di mortalità (per mille abitanti);2024;11.5;Dato provvisorio
Annuale;Bologna;Crescita naturale (per mille abitanti);2002;-2.8;
Annuale;Bologna;Crescita naturale (per mille abitanti);2003;-3.7;
Annuale;Bologna;Crescita naturale (per mille abitanti);2004;-2.3;
Annuale;Bologna;Crescita naturale (per mille abitanti);2005;-2.8;
Annuale;Bologna;Crescita naturale (per mille abitanti);2006;-2.2;
Annuale;Bologna;Crescita naturale (per mille abitanti);2007;-2.2;
Annuale;Bologna;Crescita naturale (per mille abitanti);2008;-2.4;
Annuale;Bologna;Crescita naturale (per mille abitanti);2009;-2.2;
Annuale;Bologna;Crescita naturale (per mille abitanti);2010;-2.4;
Annuale;Bologna;Crescita naturale (per mille abitanti);2011;-2.6;
Annuale;Bologna;Crescita naturale (per mille abitanti);2012;-3;
Annuale;Bologna;Crescita naturale (per mille abitanti);2013;-2.6;
Annuale;Bologna;Crescita naturale (per mille abitanti);2014;-2.8;
Annuale;Bologna;Crescita naturale (per mille abitanti);2015;-4.2;
Annuale;Bologna;Crescita naturale (per mille abitanti);2016;-3.5;
Annuale;Bologna;Crescita naturale (per mille abitanti);2017;-4.3;
Annuale;Bologna;Crescita naturale (per mille abitanti);2018;-4.1;
Annuale;Bologna;Crescita naturale (per mille abitanti);2019;-4.4;
Annuale;Bologna;Crescita naturale (per mille abitanti);2020;-6.2;
Annuale;Bologna;Crescita naturale (per mille abitanti);2021;-5.8;
Annuale;Bologna;Crescita naturale (per mille abitanti);2022;-5.7;
Annuale;Bologna;Crescita naturale (per mille abitanti);2023;-5.3;
Annuale;Bologna;Crescita naturale (per mille abitanti);2024;-5;Dato provvisorio
Annuale;Bologna;Tasso di nuzialità (per mille abitanti);2002;3.7;
Annuale;Bologna;Tasso di nuzialità (per mille abitanti);2003;3.1;
Annuale;Bologna;Tasso di nuzialità (per mille abitanti);2004;3.3;
Annuale;Bologna;Tasso di nuzialità (per mille abitanti);2005;3.3;
Annuale;Bologna;Tasso di nuzialità (per mille abitanti);2006;3.3;
Annuale;Bologna;Tasso di nuzialità (per mille abitanti);2007;3.5;
Annuale;Bologna;Tasso di nuzialità (per mille abitanti);2008;3.4;
Annuale;Bologna;Tasso di nuzialità (per mille abitanti);2009;3.2;
Annuale;Bologna;Tasso di nuzialità (per mille abitanti);2010;3;
Annuale;Bologna;Tasso di nuzialità (per mille abitanti);2011;2.8;
Annuale;Bologna;Tasso di nuzialità (per mille abitanti);2012;2.9;
Annuale;Bologna;Tasso di nuzialità (per mille abitanti);2013;2.7;
Annuale;Bologna;Tasso di nuzialità (per mille abitanti);2014;2.7;
Annuale;Bologna;Tasso di nuzialità (per mille abitanti);2015;2.8;
Annuale;Bologna;Tasso di nuzialità (per mille abitanti);2016;2.9;
Annuale;Bologna;Tasso di nuzialità (per mille abitanti);2017;2.7;
Annuale;Bologna;Tasso di nuzialità (per mille abitanti);2018;2.8;
Annuale;Bologna;Tasso di nuzialità (per mille abitanti);2019;2.6;
Annuale;Bologna;Tasso di nuzialità (per mille abitanti);2020;1.7;
Annuale;Bologna;Tasso di nuzialità (per mille abitanti);2021;2.5;
Annuale;Bologna;Tasso di nuzialità (per mille abitanti);2022;2.9;
Annuale;Bologna;Tasso di nuzialità (per mille abitanti);2023;2.9;
Annuale;Bologna;Tasso di nuzialità (per mille abitanti);2024;2.8;Dato provvisorio
Annuale;Bologna;Saldo migratorio interno (per mille abitanti);2002;4.3;
Annuale;Bologna;Saldo migratorio interno (per mille abitanti);2003;2.5;
Annuale;Bologna;Saldo migratorio interno (per mille abitanti);2004;3.1;
Annuale;Bologna;Saldo migratorio interno (per mille abitanti);2005;2.6;
Annuale;Bologna;Saldo migratorio interno (per mille abitanti);2006;3.4;
Annuale;Bologna;Saldo migratorio interno (per mille abitanti);2007;2.3;
Annuale;Bologna;Saldo migratorio interno (per mille abitanti);2008;3.6;
Annuale;Bologna;Saldo migratorio interno (per mille abitanti);2009;2.7;
Annuale;Bologna;Saldo migratorio interno (per mille abitanti);2010;2.1;
Annuale;Bologna;Saldo migratorio interno (per mille abitanti);2011;4.1;
Annuale;Bologna;Saldo migratorio interno (per mille abitanti);2012;5.2;
Annuale;Bologna;Saldo migratorio interno (per mille abitanti);2013;4.9;
Annuale;Bologna;Saldo migratorio interno (per mille abitanti);2014;4.6;
Annuale;Bologna;Saldo migratorio interno (per mille abitanti);2015;5;
Annuale;Bologna;Saldo migratorio interno (per mille abitanti);2016;6.1;
Annuale;Bologna;Saldo migratorio interno (per mille abitanti);2017;6.1;
Annuale;Bologna;Saldo migratorio interno (per mille abitanti);2018;6.9;
Annuale;Bologna;Saldo migratorio interno (per mille abitanti);2019;6;
Annuale;Bologna;Saldo migratorio interno (per mille abitanti);2020;4.2;
Annuale;Bologna;Saldo migratorio interno (per mille abitanti);2021;3.7;
Annuale;Bologna;Saldo migratorio interno (per mille abitanti);2022;4.8;
Annuale;Bologna;Saldo migratorio interno (per mille abitanti);2023;3.7;
Annuale;Bologna;Saldo migratorio interno (per mille abitanti);2024;2.6;Dato provvisorio
Annuale;Bologna;'Saldo migratorio con l"'estero (per mille abitanti)';2002;3.6;
Annuale;Bologna;'Saldo migratorio con l"'estero (per mille abitanti)';2003;9.1;
Annuale;Bologna;'Saldo migratorio con l"'estero (per mille abitanti)';2004;8.2;
Annuale;Bologna;'Saldo migratorio con l"'estero (per mille abitanti)';2005;5.4;
Annuale;Bologna;'Saldo migratorio con l"'estero (per mille abitanti)';2006;4;
Annuale;Bologna;'Saldo migratorio con l"'estero (per mille abitanti)';2007;10.3;
Annuale;Bologna;'Saldo migratorio con l"'estero (per mille abitanti)';2008;10.7;
Annuale;Bologna;'Saldo migratorio con l"'estero (per mille abitanti)';2009;6.7;
Annuale;Bologna;'Saldo migratorio con l"'estero (per mille abitanti)';2010;6.8;
Annuale;Bologna;'Saldo migratorio con l"'estero (per mille abitanti)';2011;4.5;
Annuale;Bologna;'Saldo migratorio con l"'estero (per mille abitanti)';2012;5.3;
Annuale;Bologna;'Saldo migratorio con l"'estero (per mille abitanti)';2013;3.4;
Annuale;Bologna;'Saldo migratorio con l"'estero (per mille abitanti)';2014;1.3;
Annuale;Bologna;'Saldo migratorio con l"'estero (per mille abitanti)';2015;2.1;
Annuale;Bologna;'Saldo migratorio con l"'estero (per mille abitanti)';2016;2.2;
Annuale;Bologna;'Saldo migratorio con l"'estero (per mille abitanti)';2017;0.9;
Annuale;Bologna;'Saldo migratorio con l"'estero (per mille abitanti)';2018;2.1;
Annuale;Bologna;'Saldo migratorio con l"'estero (per mille abitanti)';2019;4.1;
Annuale;Bologna;'Saldo migratorio con l"'estero (per mille abitanti)';2020;1.9;
Annuale;Bologna;'Saldo migratorio con l"'estero (per mille abitanti)';2021;3.5;
Annuale;Bologna;'Saldo migratorio con l"'estero (per mille abitanti)';2022;4.8;
Annuale;Bologna;'Saldo migratorio con l"'estero (per mille abitanti)';2023;5.5;
Annuale;Bologna;'Saldo migratorio con l"'estero (per mille abitanti)';2024;5.7;Dato provvisorio
Annuale;Bologna;Saldo migratorio per altro motivo (per mille abitanti);2019;-1.9;
Annuale;Bologna;Saldo migratorio per altro motivo (per mille abitanti);2020;-5.7;
Annuale;Bologna;Saldo migratorio per altro motivo (per mille abitanti);2021;-6.1;
Annuale;Bologna;Saldo migratorio totale (per mille abitanti);2002;7.9;
Annuale;Bologna;Saldo migratorio totale (per mille abitanti);2003;11.6;
Annuale;Bologna;Saldo migratorio totale (per mille abitanti);2004;11.3;
Annuale;Bologna;Saldo migratorio totale (per mille abitanti);2005;7.9;
Annuale;Bologna;Saldo migratorio totale (per mille abitanti);2006;7.4;
Annuale;Bologna;Saldo migratorio totale (per mille abitanti);2007;12.6;
Annuale;Bologna;Saldo migratorio totale (per mille abitanti);2008;14.3;
Annuale;Bologna;Saldo migratorio totale (per mille abitanti);2009;9.4;
Annuale;Bologna;Saldo migratorio totale (per mille abitanti);2010;8.9;
Annuale;Bologna;Saldo migratorio totale (per mille abitanti);2011;8.6;
Annuale;Bologna;Saldo migratorio totale (per mille abitanti);2012;10.5;
Annuale;Bologna;Saldo migratorio totale (per mille abitanti);2013;8.3;
Annuale;Bologna;Saldo migratorio totale (per mille abitanti);2014;6;
Annuale;Bologna;Saldo migratorio totale (per mille abitanti);2015;7.1;
Annuale;Bologna;Saldo migratorio totale (per mille abitanti);2016;8.3;
Annuale;Bologna;Saldo migratorio totale (per mille abitanti);2017;7;
Annuale;Bologna;Saldo migratorio totale (per mille abitanti);2018;9;
Annuale;Bologna;Saldo migratorio totale (per mille abitanti);2019;8.2;
Annuale;Bologna;Saldo migratorio totale (per mille abitanti);2020;0.4;
Annuale;Bologna;Saldo migratorio totale (per mille abitanti);2021;1.1;
Annuale;Bologna;Saldo migratorio totale (per mille abitanti);2022;9.6;
Annuale;Bologna;Saldo migratorio totale (per mille abitanti);2023;9.2;
Annuale;Bologna;Saldo migratorio totale (per mille abitanti);2024;8.3;Dato provvisorio
Annuale;Bologna;Tasso di crescita totale (per mille abitanti);2002;5;
Annuale;Bologna;Tasso di crescita totale (per mille abitanti);2003;7.9;
Annuale;Bologna;Tasso di crescita totale (per mille abitanti);2004;9;
Annuale;Bologna;Tasso di crescita totale (per mille abitanti);2005;5.2;
Annuale;Bologna;Tasso di crescita totale (per mille abitanti);2006;5.2;
Annuale;Bologna;Tasso di crescita totale (per mille abitanti);2007;10.4;
Annuale;Bologna;Tasso di crescita totale (per mille abitanti);2008;11.9;
Annuale;Bologna;Tasso di crescita totale (per mille abitanti);2009;7.3;
Annuale;Bologna;Tasso di crescita totale (per mille abitanti);2010;6.6;
Annuale;Bologna;Tasso di crescita totale (per mille abitanti);2011;6;
Annuale;Bologna;Tasso di crescita totale (per mille abitanti);2012;7.5;
Annuale;Bologna;Tasso di crescita totale (per mille abitanti);2013;5.7;
Annuale;Bologna;Tasso di crescita totale (per mille abitanti);2014;3.1;
Annuale;Bologna;Tasso di crescita totale (per mille abitanti);2015;2.9;
Annuale;Bologna;Tasso di crescita totale (per mille abitanti);2016;4.8;
Annuale;Bologna;Tasso di crescita totale (per mille abitanti);2017;2.7;
Annuale;Bologna;Tasso di crescita totale (per mille abitanti);2018;4.9;
Annuale;Bologna;Tasso di crescita totale (per mille abitanti);2019;3.8;
Annuale;Bologna;Tasso di crescita totale (per mille abitanti);2020;-5.8;
Annuale;Bologna;Tasso di crescita totale (per mille abitanti);2021;-4.7;
Annuale;Bologna;Tasso di crescita totale (per mille abitanti);2022;3.3;
Annuale;Bologna;Tasso di crescita totale (per mille abitanti);2023;3.3;
Annuale;Bologna;Tasso di crescita totale (per mille abitanti);2024;3.3;Dato provvisorio
Annuale;Bologna;Numero medio di figli per donna;2002;1.22;
Annuale;Bologna;Numero medio di figli per donna;2003;1.21;
Annuale;Bologna;Numero medio di figli per donna;2004;1.3;
Annuale;Bologna;Numero medio di figli per donna;2005;1.3;
Annuale;Bologna;Numero medio di figli per donna;2006;1.37;
Annuale;Bologna;Numero medio di figli per donna;2007;1.39;
Annuale;Bologna;Numero medio di figli per donna;2008;1.4;
Annuale;Bologna;Numero medio di figli per donna;2009;1.46;
Annuale;Bologna;Numero medio di figli per donna;2010;1.41;
Annuale;Bologna;Numero medio di figli per donna;2011;1.42;
Annuale;Bologna;Numero medio di figli per donna;2012;1.4;
Annuale;Bologna;Numero medio di figli per donna;2013;1.43;
Annuale;Bologna;Numero medio di figli per donna;2014;1.41;
Annuale;Bologna;Numero medio di figli per donna;2015;1.4;
Annuale;Bologna;Numero medio di figli per donna;2016;1.37;
Annuale;Bologna;Numero medio di figli per donna;2017;1.32;
Annuale;Bologna;Numero medio di figli per donna;2018;1.33;
Annuale;Bologna;Numero medio di figli per donna;2019;1.27;
Annuale;Bologna;Numero medio di figli per donna;2020;1.22;
Annuale;Bologna;Numero medio di figli per donna;2021;1.23;
Annuale;Bologna;Numero medio di figli per donna;2022;1.21;
Annuale;Bologna;Numero medio di figli per donna;2023;1.14;
Annuale;Bologna;Numero medio di figli per donna;2024;1.15;Dato stimato
Annuale;Bologna;Età media della madre al parto;2002;31;
Annuale;Bologna;Età media della madre al parto;2003;31.2;
Annuale;Bologna;Età media della madre al parto;2004;31;
Annuale;Bologna;Età media della madre al parto;2005;31.2;
Annuale;Bologna;Età media della madre al parto;2006;31.2;
Annuale;Bologna;Età media della madre al parto;2007;31.3;
Annuale;Bologna;Età media della madre al parto;2008;31.4;
Annuale;Bologna;Età media della madre al parto;2009;31.3;
Annuale;Bologna;Età media della madre al parto;2010;31.5;
Annuale;Bologna;Età media della madre al parto;2011;31.5;
Annuale;Bologna;Età media della madre al parto;2012;31.6;
Annuale;Bologna;Età media della madre al parto;2013;31.6;
Annuale;Bologna;Età media della madre al parto;2014;31.8;
Annuale;Bologna;Età media della madre al parto;2015;31.8;
Annuale;Bologna;Età media della madre al parto;2016;31.9;
Annuale;Bologna;Età media della madre al parto;2017;32.2;
Annuale;Bologna;Età media della madre al parto;2018;32.3;
Annuale;Bologna;Età media della madre al parto;2019;32.2;
Annuale;Bologna;Età media della madre al parto;2020;32.6;
Annuale;Bologna;Età media della madre al parto;2021;32.9;
Annuale;Bologna;Età media della madre al parto;2022;32.9;
Annuale;Bologna;Età media della madre al parto;2023;33;
Annuale;Bologna;Età media della madre al parto;2024;33;Dato stimato
Annuale;Bologna;Speranza di vita alla nascita - maschi;2002;78.1;
Annuale;Bologna;Speranza di vita alla nascita - maschi;2003;78.1;
Annuale;Bologna;Speranza di vita alla nascita - maschi;2004;78.9;
Annuale;Bologna;Speranza di vita alla nascita - maschi;2005;79.2;
Annuale;Bologna;Speranza di vita alla nascita - maschi;2006;79.5;
Annuale;Bologna;Speranza di vita alla nascita - maschi;2007;79.6;
Annuale;Bologna;Speranza di vita alla nascita - maschi;2008;79.7;
Annuale;Bologna;Speranza di vita alla nascita - maschi;2009;80.1;
Annuale;Bologna;Speranza di vita alla nascita - maschi;2010;80.2;
Annuale;Bologna;Speranza di vita alla nascita - maschi;2011;80.6;
Annuale;Bologna;Speranza di vita alla nascita - maschi;2012;80.5;
Annuale;Bologna;Speranza di vita alla nascita - maschi;2013;81.2;
Annuale;Bologna;Speranza di vita alla nascita - maschi;2014;81.4;
Annuale;Bologna;Speranza di vita alla nascita - maschi;2015;81.1;
Annuale;Bologna;Speranza di vita alla nascita - maschi;2016;81.6;
Annuale;Bologna;Speranza di vita alla nascita - maschi;2017;81.5;
Annuale;Bologna;Speranza di vita alla nascita - maschi;2018;81.8;
Annuale;Bologna;Speranza di vita alla nascita - maschi;2019;82.2;
Annuale;Bologna;Speranza di vita alla nascita - maschi;2020;81;
Annuale;Bologna;Speranza di vita alla nascita - maschi;2021;81.3;
Annuale;Bologna;Speranza di vita alla nascita - maschi;2022;81.7;
Annuale;Bologna;Speranza di vita alla nascita - maschi;2023;82.1;
Annuale;Bologna;Speranza di vita alla nascita - maschi;2024;82.6;Dato stimato
Annuale;Bologna;Speranza di vita a 65 anni - maschi;2002;17.7;
Annuale;Bologna;Speranza di vita a 65 anni - maschi;2003;17.4;
Annuale;Bologna;Speranza di vita a 65 anni - maschi;2004;18;
Annuale;Bologna;Speranza di vita a 65 anni - maschi;2005;18.1;
Annuale;Bologna;Speranza di vita a 65 anni - maschi;2006;18.4;
Annuale;Bologna;Speranza di vita a 65 anni - maschi;2007;18.5;
Annuale;Bologna;Speranza di vita a 65 anni - maschi;2008;18.4;
Annuale;Bologna;Speranza di vita a 65 anni - maschi;2009;18.8;
Annuale;Bologna;Speranza di vita a 65 anni - maschi;2010;18.9;
Annuale;Bologna;Speranza di vita a 65 anni - maschi;2011;19.1;
Annuale;Bologna;Speranza di vita a 65 anni - maschi;2012;19;
Annuale;Bologna;Speranza di vita a 65 anni - maschi;2013;19.7;
Annuale;Bologna;Speranza di vita a 65 anni - maschi;2014;19.8;
Annuale;Bologna;Speranza di vita a 65 anni - maschi;2015;19.3;
Annuale;Bologna;Speranza di vita a 65 anni - maschi;2016;19.9;
Annuale;Bologna;Speranza di vita a 65 anni - maschi;2017;19.7;
Annuale;Bologna;Speranza di vita a 65 anni - maschi;2018;19.9;
Annuale;Bologna;Speranza di vita a 65 anni - maschi;2019;20.1;
Annuale;Bologna;Speranza di vita a 65 anni - maschi;2020;19;
Annuale;Bologna;Speranza di vita a 65 anni - maschi;2021;19.3;
Annuale;Bologna;Speranza di vita a 65 anni - maschi;2022;19.6;
Annuale;Bologna;Speranza di vita a 65 anni - maschi;2023;20;
Annuale;Bologna;Speranza di vita a 65 anni - maschi;2024;20.5;Dato stimato
Annuale;Bologna;Speranza di vita alla nascita - femmine;2002;83.9;
Annuale;Bologna;Speranza di vita alla nascita - femmine;2003;83.2;
Annuale;Bologna;Speranza di vita alla nascita - femmine;2004;84.1;
Annuale;Bologna;Speranza di vita alla nascita - femmine;2005;83.9;
Annuale;Bologna;Speranza di vita alla nascita - femmine;2006;84.3;
Annuale;Bologna;Speranza di vita alla nascita - femmine;2007;84.6;
Annuale;Bologna;Speranza di vita alla nascita - femmine;2008;84.6;
Annuale;Bologna;Speranza di vita alla nascita - femmine;2009;84.6;
Annuale;Bologna;Speranza di vita alla nascita - femmine;2010;85.1;
Annuale;Bologna;Speranza di vita alla nascita - femmine;2011;84.9;
Annuale;Bologna;Speranza di vita alla nascita - femmine;2012;85.2;
Annuale;Bologna;Speranza di vita alla nascita - femmine;2013;85.2;
Annuale;Bologna;Speranza di vita alla nascita - femmine;2014;85.5;
Annuale;Bologna;Speranza di vita alla nascita - femmine;2015;84.9;
Annuale;Bologna;Speranza di vita alla nascita - femmine;2016;85.7;
Annuale;Bologna;Speranza di vita alla nascita - femmine;2017;85.6;
Annuale;Bologna;Speranza di vita alla nascita - femmine;2018;85.8;
Annuale;Bologna;Speranza di vita alla nascita - femmine;2019;86;
Annuale;Bologna;Speranza di vita alla nascita - femmine;2020;85.3;
Annuale;Bologna;Speranza di vita alla nascita - femmine;2021;85.4;
Annuale;Bologna;Speranza di vita alla nascita - femmine;2022;85.5;
Annuale;Bologna;Speranza di vita alla nascita - femmine;2023;85.8;
Annuale;Bologna;Speranza di vita alla nascita - femmine;2024;86;Dato stimato
Annuale;Bologna;Speranza di vita a 65 anni - femmine;2002;21.6;
Annuale;Bologna;Speranza di vita a 65 anni - femmine;2003;21.2;
Annuale;Bologna;Speranza di vita a 65 anni - femmine;2004;21.7;
Annuale;Bologna;Speranza di vita a 65 anni - femmine;2005;21.5;
Annuale;Bologna;Speranza di vita a 65 anni - femmine;2006;22;
Annuale;Bologna;Speranza di vita a 65 anni - femmine;2007;22;
Annuale;Bologna;Speranza di vita a 65 anni - femmine;2008;21.9;
Annuale;Bologna;Speranza di vita a 65 anni - femmine;2009;22;
Annuale;Bologna;Speranza di vita a 65 anni - femmine;2010;22.5;
Annuale;Bologna;Speranza di vita a 65 anni - femmine;2011;22.3;
Annuale;Bologna;Speranza di vita a 65 anni - femmine;2012;22.6;
Annuale;Bologna;Speranza di vita a 65 anni - femmine;2013;22.5;
Annuale;Bologna;Speranza di vita a 65 anni - femmine;2014;22.7;
Annuale;Bologna;Speranza di vita a 65 anni - femmine;2015;22.1;
Annuale;Bologna;Speranza di vita a 65 anni - femmine;2016;22.8;
Annuale;Bologna;Speranza di vita a 65 anni - femmine;2017;22.7;
Annuale;Bologna;Speranza di vita a 65 anni - femmine;2018;22.8;
Annuale;Bologna;Speranza di vita a 65 anni - femmine;2019;23;
Annuale;Bologna;Speranza di vita a 65 anni - femmine;2020;22.2;
Annuale;Bologna;Speranza di vita a 65 anni - femmine;2021;22.4;
Annuale;Bologna;Speranza di vita a 65 anni - femmine;2022;22.5;
Annuale;Bologna;Speranza di vita a 65 anni - femmine;2023;22.8;
Annuale;Bologna;Speranza di vita a 65 anni - femmine;2024;23;Dato stimato
Annuale;Bologna;Speranza di vita alla nascita - totale;2002;80.9;
Annuale;Bologna;Speranza di vita alla nascita - totale;2003;80.6;
Annuale;Bologna;Speranza di vita alla nascita - totale;2004;81.5;
Annuale;Bologna;Speranza di vita alla nascita - totale;2005;81.5;
Annuale;Bologna;Speranza di vita alla nascita - totale;2006;81.8;
Annuale;Bologna;Speranza di vita alla nascita - totale;2007;82;
Annuale;Bologna;Speranza di vita alla nascita - totale;2008;82.1;
Annuale;Bologna;Speranza di vita alla nascita - totale;2009;82.3;
Annuale;Bologna;Speranza di vita alla nascita - totale;2010;82.6;
Annuale;Bologna;Speranza di vita alla nascita - totale;2011;82.7;
Annuale;Bologna;Speranza di vita alla nascita - totale;2012;82.8;
Annuale;Bologna;Speranza di vita alla nascita - totale;2013;83.2;
Annuale;Bologna;Speranza di vita alla nascita - totale;2014;83.4;
Annuale;Bologna;Speranza di vita alla nascita - totale;2015;83;
Annuale;Bologna;Speranza di vita alla nascita - totale;2016;83.6;
Annuale;Bologna;Speranza di vita alla nascita - totale;2017;83.5;
Annuale;Bologna;Speranza di vita alla nascita - totale;2018;83.7;
Annuale;Bologna;Speranza di vita alla nascita - totale;2019;84;
Annuale;Bologna;Speranza di vita alla nascita - totale;2020;83.1;
Annuale;Bologna;Speranza di vita alla nascita - totale;2021;83.3;
Annuale;Bologna;Speranza di vita alla nascita - totale;2022;83.5;
Annuale;Bologna;Speranza di vita alla nascita - totale;2023;83.9;
Annuale;Bologna;Speranza di vita alla nascita - totale;2024;84.3;Dato stimato
Annuale;Bologna;Speranza di vita a 65 anni - totale;2002;19.7;
Annuale;Bologna;Speranza di vita a 65 anni - totale;2003;19.3;
Annuale;Bologna;Speranza di vita a 65 anni - totale;2004;19.9;
Annuale;Bologna;Speranza di vita a 65 anni - totale;2005;19.9;
Annuale;Bologna;Speranza di vita a 65 anni - totale;2006;20.2;
Annuale;Bologna;Speranza di vita a 65 anni - totale;2007;20.3;
Annuale;Bologna;Speranza di vita a 65 anni - totale;2008;20.2;
Annuale;Bologna;Speranza di vita a 65 anni - totale;2009;20.4;
Annuale;Bologna;Speranza di vita a 65 anni - totale;2010;20.7;
Annuale;Bologna;Speranza di vita a 65 anni - totale;2011;20.7;
Annuale;Bologna;Speranza di vita a 65 anni - totale;2012;20.8;
Annuale;Bologna;Speranza di vita a 65 anni - totale;2013;21.1;
Annuale;Bologna;Speranza di vita a 65 anni - totale;2014;21.3;
Annuale;Bologna;Speranza di vita a 65 anni - totale;2015;20.7;
Annuale;Bologna;Speranza di vita a 65 anni - totale;2016;21.4;
Annuale;Bologna;Speranza di vita a 65 anni - totale;2017;21.2;
Annuale;Bologna;Speranza di vita a 65 anni - totale;2018;21.4;
Annuale;Bologna;Speranza di vita a 65 anni - totale;2019;21.6;
Annuale;Bologna;Speranza di vita a 65 anni - totale;2020;20.6;
Annuale;Bologna;Speranza di vita a 65 anni - totale;2021;20.8;
Annuale;Bologna;Speranza di vita a 65 anni - totale;2022;21;
Annuale;Bologna;Speranza di vita a 65 anni - totale;2023;21.4;
Annuale;Bologna;Speranza di vita a 65 anni - totale;2024;21.7;Dato stimato
Annuale;Bologna;Popolazione 0-14 anni al 1° gennaio (valori percentuali) - al 1° gennaio;2002;11.1;
Annuale;Bologna;Popolazione 0-14 anni al 1° gennaio (valori percentuali) - al 1° gennaio;2003;11.4;
Annuale;Bologna;Popolazione 0-14 anni al 1° gennaio (valori percentuali) - al 1° gennaio;2004;11.6;
Annuale;Bologna;Popolazione 0-14 anni al 1° gennaio (valori percentuali) - al 1° gennaio;2005;11.8;
Annuale;Bologna;Popolazione 0-14 anni al 1° gennaio (valori percentuali) - al 1° gennaio;2006;12;
Annuale;Bologna;Popolazione 0-14 anni al 1° gennaio (valori percentuali) - al 1° gennaio;2007;12.2;
Annuale;Bologna;Popolazione 0-14 anni al 1° gennaio (valori percentuali) - al 1° gennaio;2008;12.4;
Annuale;Bologna;Popolazione 0-14 anni al 1° gennaio (valori percentuali) - al 1° gennaio;2009;12.6;
Annuale;Bologna;Popolazione 0-14 anni al 1° gennaio (valori percentuali) - al 1° gennaio;2010;12.8;
Annuale;Bologna;Popolazione 0-14 anni al 1° gennaio (valori percentuali) - al 1° gennaio;2011;12.9;
Annuale;Bologna;Popolazione 0-14 anni al 1° gennaio (valori percentuali) - al 1° gennaio;2012;13;
Annuale;Bologna;Popolazione 0-14 anni al 1° gennaio (valori percentuali) - al 1° gennaio;2013;13.1;
Annuale;Bologna;Popolazione 0-14 anni al 1° gennaio (valori percentuali) - al 1° gennaio;2014;13.1;
Annuale;Bologna;Popolazione 0-14 anni al 1° gennaio (valori percentuali) - al 1° gennaio;2015;13.1;
Annuale;Bologna;Popolazione 0-14 anni al 1° gennaio (valori percentuali) - al 1° gennaio;2016;13.1;
Annuale;Bologna;Popolazione 0-14 anni al 1° gennaio (valori percentuali) - al 1° gennaio;2017;13;
Annuale;Bologna;Popolazione 0-14 anni al 1° gennaio (valori percentuali) - al 1° gennaio;2018;12.9;
Annuale;Bologna;Popolazione 0-14 anni al 1° gennaio (valori percentuali) - al 1° gennaio;2019;12.8;
Annuale;Bologna;Popolazione 0-14 anni al 1° gennaio (valori percentuali) - al 1° gennaio;2020;12.6;
Annuale;Bologna;Popolazione 0-14 anni al 1° gennaio (valori percentuali) - al 1° gennaio;2021;12.4;
Annuale;Bologna;Popolazione 0-14 anni al 1° gennaio (valori percentuali) - al 1° gennaio;2022;12.3;
Annuale;Bologna;Popolazione 0-14 anni al 1° gennaio (valori percentuali) - al 1° gennaio;2023;12.1;
Annuale;Bologna;Popolazione 0-14 anni al 1° gennaio (valori percentuali) - al 1° gennaio;2024;11.8;
Annuale;Bologna;Popolazione 0-14 anni al 1° gennaio (valori percentuali) - al 1° gennaio;2025;11.6;Dato stimato
Annuale;Bologna;Popolazione 15-64 anni (valori percentuali) - al 1° gennaio;2002;65.6;
Annuale;Bologna;Popolazione 15-64 anni (valori percentuali) - al 1° gennaio;2003;65.1;
Annuale;Bologna;Popolazione 15-64 anni (valori percentuali) - al 1° gennaio;2004;64.8;
Annuale;Bologna;Popolazione 15-64 anni (valori percentuali) - al 1° gennaio;2005;64.4;
Annuale;Bologna;Popolazione 15-64 anni (valori percentuali) - al 1° gennaio;2006;63.9;
Annuale;Bologna;Popolazione 15-64 anni (valori percentuali) - al 1° gennaio;2007;63.6;
Annuale;Bologna;Popolazione 15-64 anni (valori percentuali) - al 1° gennaio;2008;63.5;
Annuale;Bologna;Popolazione 15-64 anni (valori percentuali) - al 1° gennaio;2009;63.5;
Annuale;Bologna;Popolazione 15-64 anni (valori percentuali) - al 1° gennaio;2010;63.4;
Annuale;Bologna;Popolazione 15-64 anni (valori percentuali) - al 1° gennaio;2011;63.4;
Annuale;Bologna;Popolazione 15-64 anni (valori percentuali) - al 1° gennaio;2012;63;
Annuale;Bologna;Popolazione 15-64 anni (valori percentuali) - al 1° gennaio;2013;62.8;
Annuale;Bologna;Popolazione 15-64 anni (valori percentuali) - al 1° gennaio;2014;62.6;
Annuale;Bologna;Popolazione 15-64 anni (valori percentuali) - al 1° gennaio;2015;62.4;
Annuale;Bologna;Popolazione 15-64 anni (valori percentuali) - al 1° gennaio;2016;62.4;
Annuale;Bologna;Popolazione 15-64 anni (valori percentuali) - al 1° gennaio;2017;62.5;
Annuale;Bologna;Popolazione 15-64 anni (valori percentuali) - al 1° gennaio;2018;62.6;
Annuale;Bologna;Popolazione 15-64 anni (valori percentuali) - al 1° gennaio;2019;62.7;
Annuale;Bologna;Popolazione 15-64 anni (valori percentuali) - al 1° gennaio;2020;62.9;
Annuale;Bologna;Popolazione 15-64 anni (valori percentuali) - al 1° gennaio;2021;63.2;
Annuale;Bologna;Popolazione 15-64 anni (valori percentuali) - al 1° gennaio;2022;63.1;
Annuale;Bologna;Popolazione 15-64 anni (valori percentuali) - al 1° gennaio;2023;63.3;
Annuale;Bologna;Popolazione 15-64 anni (valori percentuali) - al 1° gennaio;2024;63.4;
Annuale;Bologna;Popolazione 15-64 anni (valori percentuali) - al 1° gennaio;2025;63.4;Dato stimato
Annuale;Bologna;Popolazione 65 anni e più (valori percentuali) - al 1° gennaio;2002;23.3;
Annuale;Bologna;Popolazione 65 anni e più (valori percentuali) - al 1° gennaio;2003;23.5;
Annuale;Bologna;Popolazione 65 anni e più (valori percentuali) - al 1° gennaio;2004;23.6;
Annuale;Bologna;Popolazione 65 anni e più (valori percentuali) - al 1° gennaio;2005;23.8;
Annuale;Bologna;Popolazione 65 anni e più (valori percentuali) - al 1° gennaio;2006;24;
Annuale;Bologna;Popolazione 65 anni e più (valori percentuali) - al 1° gennaio;2007;24.1;
Annuale;Bologna;Popolazione 65 anni e più (valori percentuali) - al 1° gennaio;2008;24;
Annuale;Bologna;Popolazione 65 anni e più (valori percentuali) - al 1° gennaio;2009;23.9;
Annuale;Bologna;Popolazione 65 anni e più (valori percentuali) - al 1° gennaio;2010;23.8;
Annuale;Bologna;Popolazione 65 anni e più (valori percentuali) - al 1° gennaio;2011;23.7;
Annuale;Bologna;Popolazione 65 anni e più (valori percentuali) - al 1° gennaio;2012;23.9;
Annuale;Bologna;Popolazione 65 anni e più (valori percentuali) - al 1° gennaio;2013;24.1;
Annuale;Bologna;Popolazione 65 anni e più (valori percentuali) - al 1° gennaio;2014;24.3;
Annuale;Bologna;Popolazione 65 anni e più (valori percentuali) - al 1° gennaio;2015;24.5;
Annuale;Bologna;Popolazione 65 anni e più (valori percentuali) - al 1° gennaio;2016;24.5;
Annuale;Bologna;Popolazione 65 anni e più (valori percentuali) - al 1° gennaio;2017;24.5;
Annuale;Bologna;Popolazione 65 anni e più (valori percentuali) - al 1° gennaio;2018;24.5;
Annuale;Bologna;Popolazione 65 anni e più (valori percentuali) - al 1° gennaio;2019;24.5;
Annuale;Bologna;Popolazione 65 anni e più (valori percentuali) - al 1° gennaio;2020;24.5;
Annuale;Bologna;Popolazione 65 anni e più (valori percentuali) - al 1° gennaio;2021;24.4;
Annuale;Bologna;Popolazione 65 anni e più (valori percentuali) - al 1° gennaio;2022;24.6;
Annuale;Bologna;Popolazione 65 anni e più (valori percentuali) - al 1° gennaio;2023;24.6;
Annuale;Bologna;Popolazione 65 anni e più (valori percentuali) - al 1° gennaio;2024;24.8;
Annuale;Bologna;Popolazione 65 anni e più (valori percentuali) - al 1° gennaio;2025;25;Dato stimato
Annuale;Bologna;Indice di dipendenza strutturale (valori percentuali) - al 1° gennaio;2002;52.5;
Annuale;Bologna;Indice di dipendenza strutturale (valori percentuali) - al 1° gennaio;2003;53.6;
Annuale;Bologna;Indice di dipendenza strutturale (valori percentuali) - al 1° gennaio;2004;54.3;
Annuale;Bologna;Indice di dipendenza strutturale (valori percentuali) - al 1° gennaio;2005;55.3;
Annuale;Bologna;Indice di dipendenza strutturale (valori percentuali) - al 1° gennaio;2006;56.4;
Annuale;Bologna;Indice di dipendenza strutturale (valori percentuali) - al 1° gennaio;2007;57.2;
Annuale;Bologna;Indice di dipendenza strutturale (valori percentuali) - al 1° gennaio;2008;57.4;
Annuale;Bologna;Indice di dipendenza strutturale (valori percentuali) - al 1° gennaio;2009;57.5;
Annuale;Bologna;Indice di dipendenza strutturale (valori percentuali) - al 1° gennaio;2010;57.7;
Annuale;Bologna;Indice di dipendenza strutturale (valori percentuali) - al 1° gennaio;2011;57.7;
Annuale;Bologna;Indice di dipendenza strutturale (valori percentuali) - al 1° gennaio;2012;58.6;
Annuale;Bologna;Indice di dipendenza strutturale (valori percentuali) - al 1° gennaio;2013;59.2;
Annuale;Bologna;Indice di dipendenza strutturale (valori percentuali) - al 1° gennaio;2014;59.8;
Annuale;Bologna;Indice di dipendenza strutturale (valori percentuali) - al 1° gennaio;2015;60.3;
Annuale;Bologna;Indice di dipendenza strutturale (valori percentuali) - al 1° gennaio;2016;60.2;
Annuale;Bologna;Indice di dipendenza strutturale (valori percentuali) - al 1° gennaio;2017;59.9;
Annuale;Bologna;Indice di dipendenza strutturale (valori percentuali) - al 1° gennaio;2018;59.7;
Annuale;Bologna;Indice di dipendenza strutturale (valori percentuali) - al 1° gennaio;2019;59.5;
Annuale;Bologna;Indice di dipendenza strutturale (valori percentuali) - al 1° gennaio;2020;59.1;
Annuale;Bologna;Indice di dipendenza strutturale (valori percentuali) - al 1° gennaio;2021;58.3;
Annuale;Bologna;Indice di dipendenza strutturale (valori percentuali) - al 1° gennaio;2022;58.4;
Annuale;Bologna;Indice di dipendenza strutturale (valori percentuali) - al 1° gennaio;2023;58;
Annuale;Bologna;Indice di dipendenza strutturale (valori percentuali) - al 1° gennaio;2024;57.7;
Annuale;Bologna;Indice di dipendenza strutturale (valori percentuali) - al 1° gennaio;2025;57.7;Dato stimato
Annuale;Bologna;Indice di dipendenza degli anziani (valori percentuali) - al 1° gennaio;2002;35.6;
Annuale;Bologna;Indice di dipendenza degli anziani (valori percentuali) - al 1° gennaio;2003;36.1;
Annuale;Bologna;Indice di dipendenza degli anziani (valori percentuali) - al 1° gennaio;2004;36.5;
Annuale;Bologna;Indice di dipendenza degli anziani (valori percentuali) - al 1° gennaio;2005;37;
Annuale;Bologna;Indice di dipendenza degli anziani (valori percentuali) - al 1° gennaio;2006;37.6;
Annuale;Bologna;Indice di dipendenza degli anziani (valori percentuali) - al 1° gennaio;2007;37.9;
Annuale;Bologna;Indice di dipendenza degli anziani (valori percentuali) - al 1° gennaio;2008;37.9;
Annuale;Bologna;Indice di dipendenza degli anziani (valori percentuali) - al 1° gennaio;2009;37.6;
Annuale;Bologna;Indice di dipendenza degli anziani (valori percentuali) - al 1° gennaio;2010;37.6;
Annuale;Bologna;Indice di dipendenza degli anziani (valori percentuali) - al 1° gennaio;2011;37.3;
Annuale;Bologna;Indice di dipendenza degli anziani (valori percentuali) - al 1° gennaio;2012;38;
Annuale;Bologna;Indice di dipendenza degli anziani (valori percentuali) - al 1° gennaio;2013;38.4;
Annuale;Bologna;Indice di dipendenza degli anziani (valori percentuali) - al 1° gennaio;2014;38.9;
Annuale;Bologna;Indice di dipendenza degli anziani (valori percentuali) - al 1° gennaio;2015;39.2;
Annuale;Bologna;Indice di dipendenza degli anziani (valori percentuali) - al 1° gennaio;2016;39.2;
Annuale;Bologna;Indice di dipendenza degli anziani (valori percentuali) - al 1° gennaio;2017;39.1;
Annuale;Bologna;Indice di dipendenza degli anziani (valori percentuali) - al 1° gennaio;2018;39.1;
Annuale;Bologna;Indice di dipendenza degli anziani (valori percentuali) - al 1° gennaio;2019;39.1;
Annuale;Bologna;Indice di dipendenza degli anziani (valori percentuali) - al 1° gennaio;2020;39;
Annuale;Bologna;Indice di dipendenza degli anziani (valori percentuali) - al 1° gennaio;2021;38.7;
Annuale;Bologna;Indice di dipendenza degli anziani (valori percentuali) - al 1° gennaio;2022;38.9;
Annuale;Bologna;Indice di dipendenza degli anziani (valori percentuali) - al 1° gennaio;2023;38.9;
Annuale;Bologna;Indice di dipendenza degli anziani (valori percentuali) - al 1° gennaio;2024;39;
Annuale;Bologna;Indice di dipendenza degli anziani (valori percentuali) - al 1° gennaio;2025;39.4;Dato stimato
Annuale;Bologna;Indice di vecchiaia (valori percentuali) - al 1° gennaio;2002;210.8;
Annuale;Bologna;Indice di vecchiaia (valori percentuali) - al 1° gennaio;2003;206.4;
Annuale;Bologna;Indice di vecchiaia (valori percentuali) - al 1° gennaio;2004;204.3;
Annuale;Bologna;Indice di vecchiaia (valori percentuali) - al 1° gennaio;2005;201.8;
Annuale;Bologna;Indice di vecchiaia (valori percentuali) - al 1° gennaio;2006;199.8;
Annuale;Bologna;Indice di vecchiaia (valori percentuali) - al 1° gennaio;2007;197.3;
Annuale;Bologna;Indice di vecchiaia (valori percentuali) - al 1° gennaio;2008;193.5;
Annuale;Bologna;Indice di vecchiaia (valori percentuali) - al 1° gennaio;2009;189.5;
Annuale;Bologna;Indice di vecchiaia (valori percentuali) - al 1° gennaio;2010;186.4;
Annuale;Bologna;Indice di vecchiaia (valori percentuali) - al 1° gennaio;2011;183.1;
Annuale;Bologna;Indice di vecchiaia (valori percentuali) - al 1° gennaio;2012;183.8;
Annuale;Bologna;Indice di vecchiaia (valori percentuali) - al 1° gennaio;2013;184.3;
Annuale;Bologna;Indice di vecchiaia (valori percentuali) - al 1° gennaio;2014;185.3;
Annuale;Bologna;Indice di vecchiaia (valori percentuali) - al 1° gennaio;2015;186.2;
Annuale;Bologna;Indice di vecchiaia (valori percentuali) - al 1° gennaio;2016;186.8;
Annuale;Bologna;Indice di vecchiaia (valori percentuali) - al 1° gennaio;2017;188.1;
Annuale;Bologna;Indice di vecchiaia (valori percentuali) - al 1° gennaio;2018;189.8;
Annuale;Bologna;Indice di vecchiaia (valori percentuali) - al 1° gennaio;2019;191.2;
Annuale;Bologna;Indice di vecchiaia (valori percentuali) - al 1° gennaio;2020;194.2;
Annuale;Bologna;Indice di vecchiaia (valori percentuali) - al 1° gennaio;2021;196.2;
Annuale;Bologna;Indice di vecchiaia (valori percentuali) - al 1° gennaio;2022;199.8;
Annuale;Bologna;Indice di vecchiaia (valori percentuali) - al 1° gennaio;2023;204.2;
Annuale;Bologna;Indice di vecchiaia (valori percentuali) - al 1° gennaio;2024;209.5;
Annuale;Bologna;Indice di vecchiaia (valori percentuali) - al 1° gennaio;2025;215.3;Dato stimato
Annuale;Bologna;Età media della popolazione - al 1° gennaio;2002;45.7;
Annuale;Bologna;Età media della popolazione - al 1° gennaio;2003;45.8;
Annuale;Bologna;Età media della popolazione - al 1° gennaio;2004;45.8;
Annuale;Bologna;Età media della popolazione - al 1° gennaio;2005;45.8;
Annuale;Bologna;Età media della popolazione - al 1° gennaio;2006;45.8;
Annuale;Bologna;Età media della popolazione - al 1° gennaio;2007;45.9;
Annuale;Bologna;Età media della popolazione - al 1° gennaio;2008;45.9;
Annuale;Bologna;Età media della popolazione - al 1° gennaio;2009;45.8;
Annuale;Bologna;Età media della popolazione - al 1° gennaio;2010;45.8;
Annuale;Bologna;Età media della popolazione - al 1° gennaio;2011;45.9;
Annuale;Bologna;Età media della popolazione - al 1° gennaio;2012;45.9;
Annuale;Bologna;Età media della popolazione - al 1° gennaio;2013;46;
Annuale;Bologna;Età media della popolazione - al 1° gennaio;2014;46.1;
Annuale;Bologna;Età media della popolazione - al 1° gennaio;2015;46.2;
Annuale;Bologna;Età media della popolazione - al 1° gennaio;2016;46.3;
Annuale;Bologna;Età media della popolazione - al 1° gennaio;2017;46.4;
Annuale;Bologna;Età media della popolazione - al 1° gennaio;2018;46.5;
Annuale;Bologna;Età media della popolazione - al 1° gennaio;2019;46.6;
Annuale;Bologna;Età media della popolazione - al 1° gennaio;2020;46.7;
Annuale;Bologna;Età media della popolazione - al 1° gennaio;2021;46.7;
Annuale;Bologna;Età media della popolazione - al 1° gennaio;2022;46.9;
Annuale;Bologna;Età media della popolazione - al 1° gennaio;2023;46.9;
Annuale;Bologna;Età media della popolazione - al 1° gennaio;2024;47;
Annuale;Bologna;Età media della popolazione - al 1° gennaio;2025;47.2;Dato stimato
