﻿Frequenza;Territorio;Indicatore;TIME_PERIOD;Osservazione;'Stato dell"'osservazione'
Annuale;Modena;Tasso di natalità (per mille abitanti);2002;9.7;
Annuale;Modena;Tasso di natalità (per mille abitanti);2003;9.5;
Annuale;Modena;Tasso di natalità (per mille abitanti);2004;10;
Annuale;Modena;Tasso di natalità (per mille abitanti);2005;10.3;
Annuale;Modena;Tasso di natalità (per mille abitanti);2006;10.1;
Annuale;Modena;Tasso di natalità (per mille abitanti);2007;10.3;
Annuale;Modena;Tasso di natalità (per mille abitanti);2008;10.7;
Annuale;Modena;Tasso di natalità (per mille abitanti);2009;10.5;
Annuale;Modena;Tasso di natalità (per mille abitanti);2010;10.3;
Annuale;Modena;Tasso di natalità (per mille abitanti);2011;10;
Annuale;Modena;Tasso di natalità (per mille abitanti);2012;9.6;
Annuale;Modena;Tasso di natalità (per mille abitanti);2013;9;
Annuale;Modena;Tasso di natalità (per mille abitanti);2014;8.6;
Annuale;Modena;Tasso di natalità (per mille abitanti);2015;8.5;
Annuale;Modena;Tasso di natalità (per mille abitanti);2016;8.4;
Annuale;Modena;Tasso di natalità (per mille abitanti);2017;7.9;
Annuale;Modena;Tasso di natalità (per mille abitanti);2018;7.8;
Annuale;Modena;Tasso di natalità (per mille abitanti);2019;7.2;
Annuale;Modena;Tasso di natalità (per mille abitanti);2020;7;
Annuale;Modena;Tasso di natalità (per mille abitanti);2021;7.3;
Annuale;Modena;Tasso di natalità (per mille abitanti);2022;7.3;
Annuale;Modena;Tasso di natalità (per mille abitanti);2023;6.7;
Annuale;Modena;Tasso di natalità (per mille abitanti);2024;6.8;Dato provvisorio
Annuale;Modena;Tasso di mortalità (per mille abitanti);2002;10.2;
Annuale;Modena;Tasso di mortalità (per mille abitanti);2003;10.4;
Annuale;Modena;Tasso di mortalità (per mille abitanti);2004;10.1;
Annuale;Modena;Tasso di mortalità (per mille abitanti);2005;10;
Annuale;Modena;Tasso di mortalità (per mille abitanti);2006;9.8;
Annuale;Modena;Tasso di mortalità (per mille abitanti);2007;10;
Annuale;Modena;Tasso di mortalità (per mille abitanti);2008;10;
Annuale;Modena;Tasso di mortalità (per mille abitanti);2009;9.9;
Annuale;Modena;Tasso di mortalità (per mille abitanti);2010;9.9;
Annuale;Modena;Tasso di mortalità (per mille abitanti);2011;10;
Annuale;Modena;Tasso di mortalità (per mille abitanti);2012;10.3;
Annuale;Modena;Tasso di mortalità (per mille abitanti);2013;10.1;
Annuale;Modena;Tasso di mortalità (per mille abitanti);2014;9.7;
Annuale;Modena;Tasso di mortalità (per mille abitanti);2015;10.4;
Annuale;Modena;Tasso di mortalità (per mille abitanti);2016;10.5;
Annuale;Modena;Tasso di mortalità (per mille abitanti);2017;10.5;
Annuale;Modena;Tasso di mortalità (per mille abitanti);2018;10.2;
Annuale;Modena;Tasso di mortalità (per mille abitanti);2019;10.4;
Annuale;Modena;Tasso di mortalità (per mille abitanti);2020;12;
Annuale;Modena;Tasso di mortalità (per mille abitanti);2021;11.4;
Annuale;Modena;Tasso di mortalità (per mille abitanti);2022;11.5;
Annuale;Modena;Tasso di mortalità (per mille abitanti);2023;11;
Annuale;Modena;Tasso di mortalità (per mille abitanti);2024;10.6;Dato provvisorio
Annuale;Modena;Crescita naturale (per mille abitanti);2002;-0.4;
Annuale;Modena;Crescita naturale (per mille abitanti);2003;-0.9;
Annuale;Modena;Crescita naturale (per mille abitanti);2004;-0.1;
Annuale;Modena;Crescita naturale (per mille abitanti);2005;0.3;
Annuale;Modena;Crescita naturale (per mille abitanti);2006;0.4;
Annuale;Modena;Crescita naturale (per mille abitanti);2007;0.2;
Annuale;Modena;Crescita naturale (per mille abitanti);2008;0.6;
Annuale;Modena;Crescita naturale (per mille abitanti);2009;0.6;
Annuale;Modena;Crescita naturale (per mille abitanti);2010;0.4;
Annuale;Modena;Crescita naturale (per mille abitanti);2011;0;
Annuale;Modena;Crescita naturale (per mille abitanti);2012;-0.7;
Annuale;Modena;Crescita naturale (per mille abitanti);2013;-1.1;
Annuale;Modena;Crescita naturale (per mille abitanti);2014;-1.1;
Annuale;Modena;Crescita naturale (per mille abitanti);2015;-1.9;
Annuale;Modena;Crescita naturale (per mille abitanti);2016;-2.1;
Annuale;Modena;Crescita naturale (per mille abitanti);2017;-2.6;
Annuale;Modena;Crescita naturale (per mille abitanti);2018;-2.4;
Annuale;Modena;Crescita naturale (per mille abitanti);2019;-3.2;
Annuale;Modena;Crescita naturale (per mille abitanti);2020;-4.9;
Annuale;Modena;Crescita naturale (per mille abitanti);2021;-4.1;
Annuale;Modena;Crescita naturale (per mille abitanti);2022;-4.3;
Annuale;Modena;Crescita naturale (per mille abitanti);2023;-4.3;
Annuale;Modena;Crescita naturale (per mille abitanti);2024;-3.9;Dato provvisorio
Annuale;Modena;Tasso di nuzialità (per mille abitanti);2002;3.9;
Annuale;Modena;Tasso di nuzialità (per mille abitanti);2003;3.6;
Annuale;Modena;Tasso di nuzialità (per mille abitanti);2004;3.4;
Annuale;Modena;Tasso di nuzialità (per mille abitanti);2005;3.3;
Annuale;Modena;Tasso di nuzialità (per mille abitanti);2006;3.5;
Annuale;Modena;Tasso di nuzialità (per mille abitanti);2007;3.5;
Annuale;Modena;Tasso di nuzialità (per mille abitanti);2008;3.5;
Annuale;Modena;Tasso di nuzialità (per mille abitanti);2009;3.2;
Annuale;Modena;Tasso di nuzialità (per mille abitanti);2010;2.8;
Annuale;Modena;Tasso di nuzialità (per mille abitanti);2011;2.7;
Annuale;Modena;Tasso di nuzialità (per mille abitanti);2012;2.8;
Annuale;Modena;Tasso di nuzialità (per mille abitanti);2013;2.6;
Annuale;Modena;Tasso di nuzialità (per mille abitanti);2014;2.5;
Annuale;Modena;Tasso di nuzialità (per mille abitanti);2015;2.7;
Annuale;Modena;Tasso di nuzialità (per mille abitanti);2016;2.8;
Annuale;Modena;Tasso di nuzialità (per mille abitanti);2017;2.6;
Annuale;Modena;Tasso di nuzialità (per mille abitanti);2018;2.6;
Annuale;Modena;Tasso di nuzialità (per mille abitanti);2019;2.7;
Annuale;Modena;Tasso di nuzialità (per mille abitanti);2020;1.6;
Annuale;Modena;Tasso di nuzialità (per mille abitanti);2021;2.5;
Annuale;Modena;Tasso di nuzialità (per mille abitanti);2022;2.9;
Annuale;Modena;Tasso di nuzialità (per mille abitanti);2023;2.8;
Annuale;Modena;Tasso di nuzialità (per mille abitanti);2024;2.7;Dato provvisorio
Annuale;Modena;Saldo migratorio interno (per mille abitanti);2002;3.1;
Annuale;Modena;Saldo migratorio interno (per mille abitanti);2003;1.8;
Annuale;Modena;Saldo migratorio interno (per mille abitanti);2004;0.3;
Annuale;Modena;Saldo migratorio interno (per mille abitanti);2005;0.5;
Annuale;Modena;Saldo migratorio interno (per mille abitanti);2006;-0.6;
Annuale;Modena;Saldo migratorio interno (per mille abitanti);2007;0.5;
Annuale;Modena;Saldo migratorio interno (per mille abitanti);2008;3.4;
Annuale;Modena;Saldo migratorio interno (per mille abitanti);2009;0.1;
Annuale;Modena;Saldo migratorio interno (per mille abitanti);2010;-0.2;
Annuale;Modena;Saldo migratorio interno (per mille abitanti);2011;0.8;
Annuale;Modena;Saldo migratorio interno (per mille abitanti);2012;0.8;
Annuale;Modena;Saldo migratorio interno (per mille abitanti);2013;1.5;
Annuale;Modena;Saldo migratorio interno (per mille abitanti);2014;2.1;
Annuale;Modena;Saldo migratorio interno (per mille abitanti);2015;2.1;
Annuale;Modena;Saldo migratorio interno (per mille abitanti);2016;2.7;
Annuale;Modena;Saldo migratorio interno (per mille abitanti);2017;4.1;
Annuale;Modena;Saldo migratorio interno (per mille abitanti);2018;6;
Annuale;Modena;Saldo migratorio interno (per mille abitanti);2019;3.1;
Annuale;Modena;Saldo migratorio interno (per mille abitanti);2020;2.6;
Annuale;Modena;Saldo migratorio interno (per mille abitanti);2021;2;
Annuale;Modena;Saldo migratorio interno (per mille abitanti);2022;3.2;
Annuale;Modena;Saldo migratorio interno (per mille abitanti);2023;2.5;
Annuale;Modena;Saldo migratorio interno (per mille abitanti);2024;2.2;Dato provvisorio
Annuale;Modena;'Saldo migratorio con l"'estero (per mille abitanti)';2002;7.3;
Annuale;Modena;'Saldo migratorio con l"'estero (per mille abitanti)';2003;11.2;
Annuale;Modena;'Saldo migratorio con l"'estero (per mille abitanti)';2004;11.3;
Annuale;Modena;'Saldo migratorio con l"'estero (per mille abitanti)';2005;5.8;
Annuale;Modena;'Saldo migratorio con l"'estero (per mille abitanti)';2006;5.7;
Annuale;Modena;'Saldo migratorio con l"'estero (per mille abitanti)';2007;9;
Annuale;Modena;'Saldo migratorio con l"'estero (per mille abitanti)';2008;10.2;
Annuale;Modena;'Saldo migratorio con l"'estero (per mille abitanti)';2009;6.9;
Annuale;Modena;'Saldo migratorio con l"'estero (per mille abitanti)';2010;7.3;
Annuale;Modena;'Saldo migratorio con l"'estero (per mille abitanti)';2011;2.5;
Annuale;Modena;'Saldo migratorio con l"'estero (per mille abitanti)';2012;4.5;
Annuale;Modena;'Saldo migratorio con l"'estero (per mille abitanti)';2013;2.9;
Annuale;Modena;'Saldo migratorio con l"'estero (per mille abitanti)';2014;0.7;
Annuale;Modena;'Saldo migratorio con l"'estero (per mille abitanti)';2015;-0.3;
Annuale;Modena;'Saldo migratorio con l"'estero (per mille abitanti)';2016;-0.1;
Annuale;Modena;'Saldo migratorio con l"'estero (per mille abitanti)';2017;0.7;
Annuale;Modena;'Saldo migratorio con l"'estero (per mille abitanti)';2018;3.2;
Annuale;Modena;'Saldo migratorio con l"'estero (per mille abitanti)';2019;3.5;
Annuale;Modena;'Saldo migratorio con l"'estero (per mille abitanti)';2020;1.4;
Annuale;Modena;'Saldo migratorio con l"'estero (per mille abitanti)';2021;3;
Annuale;Modena;'Saldo migratorio con l"'estero (per mille abitanti)';2022;5.3;
Annuale;Modena;'Saldo migratorio con l"'estero (per mille abitanti)';2023;5.6;
Annuale;Modena;'Saldo migratorio con l"'estero (per mille abitanti)';2024;5.5;Dato provvisorio
Annuale;Modena;Saldo migratorio per altro motivo (per mille abitanti);2019;-2.9;
Annuale;Modena;Saldo migratorio per altro motivo (per mille abitanti);2020;-3.9;
Annuale;Modena;Saldo migratorio per altro motivo (per mille abitanti);2021;-3.7;
Annuale;Modena;Saldo migratorio totale (per mille abitanti);2002;10.4;
Annuale;Modena;Saldo migratorio totale (per mille abitanti);2003;13;
Annuale;Modena;Saldo migratorio totale (per mille abitanti);2004;11.5;
Annuale;Modena;Saldo migratorio totale (per mille abitanti);2005;6.4;
Annuale;Modena;Saldo migratorio totale (per mille abitanti);2006;5.1;
Annuale;Modena;Saldo migratorio totale (per mille abitanti);2007;9.6;
Annuale;Modena;Saldo migratorio totale (per mille abitanti);2008;13.7;
Annuale;Modena;Saldo migratorio totale (per mille abitanti);2009;7;
Annuale;Modena;Saldo migratorio totale (per mille abitanti);2010;7.1;
Annuale;Modena;Saldo migratorio totale (per mille abitanti);2011;3.3;
Annuale;Modena;Saldo migratorio totale (per mille abitanti);2012;5.3;
Annuale;Modena;Saldo migratorio totale (per mille abitanti);2013;4.4;
Annuale;Modena;Saldo migratorio totale (per mille abitanti);2014;2.8;
Annuale;Modena;Saldo migratorio totale (per mille abitanti);2015;1.8;
Annuale;Modena;Saldo migratorio totale (per mille abitanti);2016;2.6;
Annuale;Modena;Saldo migratorio totale (per mille abitanti);2017;4.7;
Annuale;Modena;Saldo migratorio totale (per mille abitanti);2018;9.2;
Annuale;Modena;Saldo migratorio totale (per mille abitanti);2019;3.7;
Annuale;Modena;Saldo migratorio totale (per mille abitanti);2020;0.1;
Annuale;Modena;Saldo migratorio totale (per mille abitanti);2021;1.3;
Annuale;Modena;Saldo migratorio totale (per mille abitanti);2022;8.5;
Annuale;Modena;Saldo migratorio totale (per mille abitanti);2023;8.1;
Annuale;Modena;Saldo migratorio totale (per mille abitanti);2024;7.7;Dato provvisorio
Annuale;Modena;Tasso di crescita totale (per mille abitanti);2002;10;
Annuale;Modena;Tasso di crescita totale (per mille abitanti);2003;12.1;
Annuale;Modena;Tasso di crescita totale (per mille abitanti);2004;11.5;
Annuale;Modena;Tasso di crescita totale (per mille abitanti);2005;6.6;
Annuale;Modena;Tasso di crescita totale (per mille abitanti);2006;5.5;
Annuale;Modena;Tasso di crescita totale (per mille abitanti);2007;9.8;
Annuale;Modena;Tasso di crescita totale (per mille abitanti);2008;14.3;
Annuale;Modena;Tasso di crescita totale (per mille abitanti);2009;7.6;
Annuale;Modena;Tasso di crescita totale (per mille abitanti);2010;7.5;
Annuale;Modena;Tasso di crescita totale (per mille abitanti);2011;3.3;
Annuale;Modena;Tasso di crescita totale (per mille abitanti);2012;4.6;
Annuale;Modena;Tasso di crescita totale (per mille abitanti);2013;3.3;
Annuale;Modena;Tasso di crescita totale (per mille abitanti);2014;1.7;
Annuale;Modena;Tasso di crescita totale (per mille abitanti);2015;-0.1;
Annuale;Modena;Tasso di crescita totale (per mille abitanti);2016;0.4;
Annuale;Modena;Tasso di crescita totale (per mille abitanti);2017;2.1;
Annuale;Modena;Tasso di crescita totale (per mille abitanti);2018;6.8;
Annuale;Modena;Tasso di crescita totale (per mille abitanti);2019;0.5;
Annuale;Modena;Tasso di crescita totale (per mille abitanti);2020;-4.8;
Annuale;Modena;Tasso di crescita totale (per mille abitanti);2021;-2.8;
Annuale;Modena;Tasso di crescita totale (per mille abitanti);2022;3.7;
Annuale;Modena;Tasso di crescita totale (per mille abitanti);2023;3;
Annuale;Modena;Tasso di crescita totale (per mille abitanti);2024;3.8;Dato provvisorio
Annuale;Modena;Numero medio di figli per donna;2002;1.32;
Annuale;Modena;Numero medio di figli per donna;2003;1.3;
Annuale;Modena;Numero medio di figli per donna;2004;1.4;
Annuale;Modena;Numero medio di figli per donna;2005;1.47;
Annuale;Modena;Numero medio di figli per donna;2006;1.48;
Annuale;Modena;Numero medio di figli per donna;2007;1.53;
Annuale;Modena;Numero medio di figli per donna;2008;1.61;
Annuale;Modena;Numero medio di figli per donna;2009;1.62;
Annuale;Modena;Numero medio di figli per donna;2010;1.63;
Annuale;Modena;Numero medio di figli per donna;2011;1.61;
Annuale;Modena;Numero medio di figli per donna;2012;1.58;
Annuale;Modena;Numero medio di figli per donna;2013;1.52;
Annuale;Modena;Numero medio di figli per donna;2014;1.49;
Annuale;Modena;Numero medio di figli per donna;2015;1.48;
Annuale;Modena;Numero medio di figli per donna;2016;1.49;
Annuale;Modena;Numero medio di figli per donna;2017;1.44;
Annuale;Modena;Numero medio di figli per donna;2018;1.43;
Annuale;Modena;Numero medio di figli per donna;2019;1.33;
Annuale;Modena;Numero medio di figli per donna;2020;1.31;
Annuale;Modena;Numero medio di figli per donna;2021;1.36;
Annuale;Modena;Numero medio di figli per donna;2022;1.36;
Annuale;Modena;Numero medio di figli per donna;2023;1.26;
Annuale;Modena;Numero medio di figli per donna;2024;1.27;Dato stimato
Annuale;Modena;Età media della madre al parto;2002;30.3;
Annuale;Modena;Età media della madre al parto;2003;30.4;
Annuale;Modena;Età media della madre al parto;2004;30.4;
Annuale;Modena;Età media della madre al parto;2005;30.4;
Annuale;Modena;Età media della madre al parto;2006;30.4;
Annuale;Modena;Età media della madre al parto;2007;30.6;
Annuale;Modena;Età media della madre al parto;2008;30.7;
Annuale;Modena;Età media della madre al parto;2009;30.6;
Annuale;Modena;Età media della madre al parto;2010;30.8;
Annuale;Modena;Età media della madre al parto;2011;30.9;
Annuale;Modena;Età media della madre al parto;2012;31.1;
Annuale;Modena;Età media della madre al parto;2013;31.2;
Annuale;Modena;Età media della madre al parto;2014;31.3;
Annuale;Modena;Età media della madre al parto;2015;31.5;
Annuale;Modena;Età media della madre al parto;2016;31.6;
Annuale;Modena;Età media della madre al parto;2017;31.7;
Annuale;Modena;Età media della madre al parto;2018;31.8;
Annuale;Modena;Età media della madre al parto;2019;32;
Annuale;Modena;Età media della madre al parto;2020;32.1;
Annuale;Modena;Età media della madre al parto;2021;32.3;
Annuale;Modena;Età media della madre al parto;2022;32.4;
Annuale;Modena;Età media della madre al parto;2023;32.5;
Annuale;Modena;Età media della madre al parto;2024;32.7;Dato stimato
Annuale;Modena;Speranza di vita alla nascita - maschi;2002;78.1;
Annuale;Modena;Speranza di vita alla nascita - maschi;2003;78.5;
Annuale;Modena;Speranza di vita alla nascita - maschi;2004;78.5;
Annuale;Modena;Speranza di vita alla nascita - maschi;2005;79.2;
Annuale;Modena;Speranza di vita alla nascita - maschi;2006;79.2;
Annuale;Modena;Speranza di vita alla nascita - maschi;2007;79.7;
Annuale;Modena;Speranza di vita alla nascita - maschi;2008;79.9;
Annuale;Modena;Speranza di vita alla nascita - maschi;2009;80.3;
Annuale;Modena;Speranza di vita alla nascita - maschi;2010;80.4;
Annuale;Modena;Speranza di vita alla nascita - maschi;2011;80.8;
Annuale;Modena;Speranza di vita alla nascita - maschi;2012;80.5;
Annuale;Modena;Speranza di vita alla nascita - maschi;2013;80.9;
Annuale;Modena;Speranza di vita alla nascita - maschi;2014;81.3;
Annuale;Modena;Speranza di vita alla nascita - maschi;2015;81.3;
Annuale;Modena;Speranza di vita alla nascita - maschi;2016;81.5;
Annuale;Modena;Speranza di vita alla nascita - maschi;2017;81.7;
Annuale;Modena;Speranza di vita alla nascita - maschi;2018;82.3;
Annuale;Modena;Speranza di vita alla nascita - maschi;2019;82.1;
Annuale;Modena;Speranza di vita alla nascita - maschi;2020;81;
Annuale;Modena;Speranza di vita alla nascita - maschi;2021;81.3;
Annuale;Modena;Speranza di vita alla nascita - maschi;2022;81.8;
Annuale;Modena;Speranza di vita alla nascita - maschi;2023;81.9;
Annuale;Modena;Speranza di vita alla nascita - maschi;2024;82.5;Dato stimato
Annuale;Modena;Speranza di vita a 65 anni - maschi;2002;17.4;
Annuale;Modena;Speranza di vita a 65 anni - maschi;2003;17.6;
Annuale;Modena;Speranza di vita a 65 anni - maschi;2004;17.7;
Annuale;Modena;Speranza di vita a 65 anni - maschi;2005;18.2;
Annuale;Modena;Speranza di vita a 65 anni - maschi;2006;18.2;
Annuale;Modena;Speranza di vita a 65 anni - maschi;2007;18.5;
Annuale;Modena;Speranza di vita a 65 anni - maschi;2008;18.4;
Annuale;Modena;Speranza di vita a 65 anni - maschi;2009;18.7;
Annuale;Modena;Speranza di vita a 65 anni - maschi;2010;19;
Annuale;Modena;Speranza di vita a 65 anni - maschi;2011;19.1;
Annuale;Modena;Speranza di vita a 65 anni - maschi;2012;18.9;
Annuale;Modena;Speranza di vita a 65 anni - maschi;2013;19.3;
Annuale;Modena;Speranza di vita a 65 anni - maschi;2014;19.6;
Annuale;Modena;Speranza di vita a 65 anni - maschi;2015;19.6;
Annuale;Modena;Speranza di vita a 65 anni - maschi;2016;19.6;
Annuale;Modena;Speranza di vita a 65 anni - maschi;2017;19.7;
Annuale;Modena;Speranza di vita a 65 anni - maschi;2018;20.1;
Annuale;Modena;Speranza di vita a 65 anni - maschi;2019;20;
Annuale;Modena;Speranza di vita a 65 anni - maschi;2020;19;
Annuale;Modena;Speranza di vita a 65 anni - maschi;2021;19.5;
Annuale;Modena;Speranza di vita a 65 anni - maschi;2022;19.7;
Annuale;Modena;Speranza di vita a 65 anni - maschi;2023;19.9;
Annuale;Modena;Speranza di vita a 65 anni - maschi;2024;20.4;Dato stimato
Annuale;Modena;Speranza di vita alla nascita - femmine;2002;84.1;
Annuale;Modena;Speranza di vita alla nascita - femmine;2003;83.6;
Annuale;Modena;Speranza di vita alla nascita - femmine;2004;84.2;
Annuale;Modena;Speranza di vita alla nascita - femmine;2005;84.4;
Annuale;Modena;Speranza di vita alla nascita - femmine;2006;85;
Annuale;Modena;Speranza di vita alla nascita - femmine;2007;84.7;
Annuale;Modena;Speranza di vita alla nascita - femmine;2008;85;
Annuale;Modena;Speranza di vita alla nascita - femmine;2009;85.2;
Annuale;Modena;Speranza di vita alla nascita - femmine;2010;85.2;
Annuale;Modena;Speranza di vita alla nascita - femmine;2011;85.2;
Annuale;Modena;Speranza di vita alla nascita - femmine;2012;85.2;
Annuale;Modena;Speranza di vita alla nascita - femmine;2013;85.1;
Annuale;Modena;Speranza di vita alla nascita - femmine;2014;85.7;
Annuale;Modena;Speranza di vita alla nascita - femmine;2015;85.4;
Annuale;Modena;Speranza di vita alla nascita - femmine;2016;85.4;
Annuale;Modena;Speranza di vita alla nascita - femmine;2017;85.6;
Annuale;Modena;Speranza di vita alla nascita - femmine;2018;85.8;
Annuale;Modena;Speranza di vita alla nascita - femmine;2019;86;
Annuale;Modena;Speranza di vita alla nascita - femmine;2020;85.2;
Annuale;Modena;Speranza di vita alla nascita - femmine;2021;85.4;
Annuale;Modena;Speranza di vita alla nascita - femmine;2022;85.4;
Annuale;Modena;Speranza di vita alla nascita - femmine;2023;85.7;
Annuale;Modena;Speranza di vita alla nascita - femmine;2024;86;Dato stimato
Annuale;Modena;Speranza di vita a 65 anni - femmine;2002;21.6;
Annuale;Modena;Speranza di vita a 65 anni - femmine;2003;21.3;
Annuale;Modena;Speranza di vita a 65 anni - femmine;2004;21.9;
Annuale;Modena;Speranza di vita a 65 anni - femmine;2005;21.8;
Annuale;Modena;Speranza di vita a 65 anni - femmine;2006;22.4;
Annuale;Modena;Speranza di vita a 65 anni - femmine;2007;22.1;
Annuale;Modena;Speranza di vita a 65 anni - femmine;2008;22.2;
Annuale;Modena;Speranza di vita a 65 anni - femmine;2009;22.4;
Annuale;Modena;Speranza di vita a 65 anni - femmine;2010;22.3;
Annuale;Modena;Speranza di vita a 65 anni - femmine;2011;22.4;
Annuale;Modena;Speranza di vita a 65 anni - femmine;2012;22.4;
Annuale;Modena;Speranza di vita a 65 anni - femmine;2013;22.5;
Annuale;Modena;Speranza di vita a 65 anni - femmine;2014;22.9;
Annuale;Modena;Speranza di vita a 65 anni - femmine;2015;22.6;
Annuale;Modena;Speranza di vita a 65 anni - femmine;2016;22.6;
Annuale;Modena;Speranza di vita a 65 anni - femmine;2017;22.7;
Annuale;Modena;Speranza di vita a 65 anni - femmine;2018;22.8;
Annuale;Modena;Speranza di vita a 65 anni - femmine;2019;23;
Annuale;Modena;Speranza di vita a 65 anni - femmine;2020;22.2;
Annuale;Modena;Speranza di vita a 65 anni - femmine;2021;22.4;
Annuale;Modena;Speranza di vita a 65 anni - femmine;2022;22.3;
Annuale;Modena;Speranza di vita a 65 anni - femmine;2023;22.8;
Annuale;Modena;Speranza di vita a 65 anni - femmine;2024;22.9;Dato stimato
Annuale;Modena;Speranza di vita alla nascita - totale;2002;81;
Annuale;Modena;Speranza di vita alla nascita - totale;2003;81;
Annuale;Modena;Speranza di vita alla nascita - totale;2004;81.3;
Annuale;Modena;Speranza di vita alla nascita - totale;2005;81.8;
Annuale;Modena;Speranza di vita alla nascita - totale;2006;82;
Annuale;Modena;Speranza di vita alla nascita - totale;2007;82.1;
Annuale;Modena;Speranza di vita alla nascita - totale;2008;82.4;
Annuale;Modena;Speranza di vita alla nascita - totale;2009;82.7;
Annuale;Modena;Speranza di vita alla nascita - totale;2010;82.8;
Annuale;Modena;Speranza di vita alla nascita - totale;2011;82.9;
Annuale;Modena;Speranza di vita alla nascita - totale;2012;82.8;
Annuale;Modena;Speranza di vita alla nascita - totale;2013;83;
Annuale;Modena;Speranza di vita alla nascita - totale;2014;83.4;
Annuale;Modena;Speranza di vita alla nascita - totale;2015;83.3;
Annuale;Modena;Speranza di vita alla nascita - totale;2016;83.4;
Annuale;Modena;Speranza di vita alla nascita - totale;2017;83.6;
Annuale;Modena;Speranza di vita alla nascita - totale;2018;84;
Annuale;Modena;Speranza di vita alla nascita - totale;2019;84;
Annuale;Modena;Speranza di vita alla nascita - totale;2020;83.1;
Annuale;Modena;Speranza di vita alla nascita - totale;2021;83.3;
Annuale;Modena;Speranza di vita alla nascita - totale;2022;83.5;
Annuale;Modena;Speranza di vita alla nascita - totale;2023;83.8;
Annuale;Modena;Speranza di vita alla nascita - totale;2024;84.2;Dato stimato
Annuale;Modena;Speranza di vita a 65 anni - totale;2002;19.5;
Annuale;Modena;Speranza di vita a 65 anni - totale;2003;19.5;
Annuale;Modena;Speranza di vita a 65 anni - totale;2004;19.8;
Annuale;Modena;Speranza di vita a 65 anni - totale;2005;20;
Annuale;Modena;Speranza di vita a 65 anni - totale;2006;20.3;
Annuale;Modena;Speranza di vita a 65 anni - totale;2007;20.3;
Annuale;Modena;Speranza di vita a 65 anni - totale;2008;20.3;
Annuale;Modena;Speranza di vita a 65 anni - totale;2009;20.6;
Annuale;Modena;Speranza di vita a 65 anni - totale;2010;20.7;
Annuale;Modena;Speranza di vita a 65 anni - totale;2011;20.8;
Annuale;Modena;Speranza di vita a 65 anni - totale;2012;20.7;
Annuale;Modena;Speranza di vita a 65 anni - totale;2013;20.9;
Annuale;Modena;Speranza di vita a 65 anni - totale;2014;21.3;
Annuale;Modena;Speranza di vita a 65 anni - totale;2015;21.1;
Annuale;Modena;Speranza di vita a 65 anni - totale;2016;21.1;
Annuale;Modena;Speranza di vita a 65 anni - totale;2017;21.2;
Annuale;Modena;Speranza di vita a 65 anni - totale;2018;21.5;
Annuale;Modena;Speranza di vita a 65 anni - totale;2019;21.5;
Annuale;Modena;Speranza di vita a 65 anni - totale;2020;20.6;
Annuale;Modena;Speranza di vita a 65 anni - totale;2021;21;
Annuale;Modena;Speranza di vita a 65 anni - totale;2022;21;
Annuale;Modena;Speranza di vita a 65 anni - totale;2023;21.3;
Annuale;Modena;Speranza di vita a 65 anni - totale;2024;21.6;Dato stimato
Annuale;Modena;Popolazione 0-14 anni al 1° gennaio (valori percentuali) - al 1° gennaio;2002;12.8;
Annuale;Modena;Popolazione 0-14 anni al 1° gennaio (valori percentuali) - al 1° gennaio;2003;13;
Annuale;Modena;Popolazione 0-14 anni al 1° gennaio (valori percentuali) - al 1° gennaio;2004;13.1;
Annuale;Modena;Popolazione 0-14 anni al 1° gennaio (valori percentuali) - al 1° gennaio;2005;13.3;
Annuale;Modena;Popolazione 0-14 anni al 1° gennaio (valori percentuali) - al 1° gennaio;2006;13.6;
Annuale;Modena;Popolazione 0-14 anni al 1° gennaio (valori percentuali) - al 1° gennaio;2007;13.7;
Annuale;Modena;Popolazione 0-14 anni al 1° gennaio (valori percentuali) - al 1° gennaio;2008;13.9;
Annuale;Modena;Popolazione 0-14 anni al 1° gennaio (valori percentuali) - al 1° gennaio;2009;14.1;
Annuale;Modena;Popolazione 0-14 anni al 1° gennaio (valori percentuali) - al 1° gennaio;2010;14.2;
Annuale;Modena;Popolazione 0-14 anni al 1° gennaio (valori percentuali) - al 1° gennaio;2011;14.3;
Annuale;Modena;Popolazione 0-14 anni al 1° gennaio (valori percentuali) - al 1° gennaio;2012;14.4;
Annuale;Modena;Popolazione 0-14 anni al 1° gennaio (valori percentuali) - al 1° gennaio;2013;14.4;
Annuale;Modena;Popolazione 0-14 anni al 1° gennaio (valori percentuali) - al 1° gennaio;2014;14.4;
Annuale;Modena;Popolazione 0-14 anni al 1° gennaio (valori percentuali) - al 1° gennaio;2015;14.4;
Annuale;Modena;Popolazione 0-14 anni al 1° gennaio (valori percentuali) - al 1° gennaio;2016;14.2;
Annuale;Modena;Popolazione 0-14 anni al 1° gennaio (valori percentuali) - al 1° gennaio;2017;14.1;
Annuale;Modena;Popolazione 0-14 anni al 1° gennaio (valori percentuali) - al 1° gennaio;2018;14;
Annuale;Modena;Popolazione 0-14 anni al 1° gennaio (valori percentuali) - al 1° gennaio;2019;13.8;
Annuale;Modena;Popolazione 0-14 anni al 1° gennaio (valori percentuali) - al 1° gennaio;2020;13.6;
Annuale;Modena;Popolazione 0-14 anni al 1° gennaio (valori percentuali) - al 1° gennaio;2021;13.4;
Annuale;Modena;Popolazione 0-14 anni al 1° gennaio (valori percentuali) - al 1° gennaio;2022;13.2;
Annuale;Modena;Popolazione 0-14 anni al 1° gennaio (valori percentuali) - al 1° gennaio;2023;13;
Annuale;Modena;Popolazione 0-14 anni al 1° gennaio (valori percentuali) - al 1° gennaio;2024;12.7;
Annuale;Modena;Popolazione 0-14 anni al 1° gennaio (valori percentuali) - al 1° gennaio;2025;12.4;Dato stimato
Annuale;Modena;Popolazione 15-64 anni (valori percentuali) - al 1° gennaio;2002;66.7;
Annuale;Modena;Popolazione 15-64 anni (valori percentuali) - al 1° gennaio;2003;66.4;
Annuale;Modena;Popolazione 15-64 anni (valori percentuali) - al 1° gennaio;2004;66.2;
Annuale;Modena;Popolazione 15-64 anni (valori percentuali) - al 1° gennaio;2005;65.9;
Annuale;Modena;Popolazione 15-64 anni (valori percentuali) - al 1° gennaio;2006;65.4;
Annuale;Modena;Popolazione 15-64 anni (valori percentuali) - al 1° gennaio;2007;65.1;
Annuale;Modena;Popolazione 15-64 anni (valori percentuali) - al 1° gennaio;2008;65;
Annuale;Modena;Popolazione 15-64 anni (valori percentuali) - al 1° gennaio;2009;64.9;
Annuale;Modena;Popolazione 15-64 anni (valori percentuali) - al 1° gennaio;2010;64.7;
Annuale;Modena;Popolazione 15-64 anni (valori percentuali) - al 1° gennaio;2011;64.7;
Annuale;Modena;Popolazione 15-64 anni (valori percentuali) - al 1° gennaio;2012;64.3;
Annuale;Modena;Popolazione 15-64 anni (valori percentuali) - al 1° gennaio;2013;64;
Annuale;Modena;Popolazione 15-64 anni (valori percentuali) - al 1° gennaio;2014;63.7;
Annuale;Modena;Popolazione 15-64 anni (valori percentuali) - al 1° gennaio;2015;63.4;
Annuale;Modena;Popolazione 15-64 anni (valori percentuali) - al 1° gennaio;2016;63.3;
Annuale;Modena;Popolazione 15-64 anni (valori percentuali) - al 1° gennaio;2017;63.2;
Annuale;Modena;Popolazione 15-64 anni (valori percentuali) - al 1° gennaio;2018;63.3;
Annuale;Modena;Popolazione 15-64 anni (valori percentuali) - al 1° gennaio;2019;63.4;
Annuale;Modena;Popolazione 15-64 anni (valori percentuali) - al 1° gennaio;2020;63.3;
Annuale;Modena;Popolazione 15-64 anni (valori percentuali) - al 1° gennaio;2021;63.5;
Annuale;Modena;Popolazione 15-64 anni (valori percentuali) - al 1° gennaio;2022;63.4;
Annuale;Modena;Popolazione 15-64 anni (valori percentuali) - al 1° gennaio;2023;63.5;
Annuale;Modena;Popolazione 15-64 anni (valori percentuali) - al 1° gennaio;2024;63.7;
Annuale;Modena;Popolazione 15-64 anni (valori percentuali) - al 1° gennaio;2025;63.7;Dato stimato
Annuale;Modena;Popolazione 65 anni e più (valori percentuali) - al 1° gennaio;2002;20.5;
Annuale;Modena;Popolazione 65 anni e più (valori percentuali) - al 1° gennaio;2003;20.6;
Annuale;Modena;Popolazione 65 anni e più (valori percentuali) - al 1° gennaio;2004;20.7;
Annuale;Modena;Popolazione 65 anni e più (valori percentuali) - al 1° gennaio;2005;20.8;
Annuale;Modena;Popolazione 65 anni e più (valori percentuali) - al 1° gennaio;2006;21;
Annuale;Modena;Popolazione 65 anni e più (valori percentuali) - al 1° gennaio;2007;21.1;
Annuale;Modena;Popolazione 65 anni e più (valori percentuali) - al 1° gennaio;2008;21.1;
Annuale;Modena;Popolazione 65 anni e più (valori percentuali) - al 1° gennaio;2009;21;
Annuale;Modena;Popolazione 65 anni e più (valori percentuali) - al 1° gennaio;2010;21.1;
Annuale;Modena;Popolazione 65 anni e più (valori percentuali) - al 1° gennaio;2011;21;
Annuale;Modena;Popolazione 65 anni e più (valori percentuali) - al 1° gennaio;2012;21.4;
Annuale;Modena;Popolazione 65 anni e più (valori percentuali) - al 1° gennaio;2013;21.6;
Annuale;Modena;Popolazione 65 anni e più (valori percentuali) - al 1° gennaio;2014;21.9;
Annuale;Modena;Popolazione 65 anni e più (valori percentuali) - al 1° gennaio;2015;22.2;
Annuale;Modena;Popolazione 65 anni e più (valori percentuali) - al 1° gennaio;2016;22.5;
Annuale;Modena;Popolazione 65 anni e più (valori percentuali) - al 1° gennaio;2017;22.6;
Annuale;Modena;Popolazione 65 anni e più (valori percentuali) - al 1° gennaio;2018;22.8;
Annuale;Modena;Popolazione 65 anni e più (valori percentuali) - al 1° gennaio;2019;22.8;
Annuale;Modena;Popolazione 65 anni e più (valori percentuali) - al 1° gennaio;2020;23.1;
Annuale;Modena;Popolazione 65 anni e più (valori percentuali) - al 1° gennaio;2021;23.1;
Annuale;Modena;Popolazione 65 anni e più (valori percentuali) - al 1° gennaio;2022;23.4;
Annuale;Modena;Popolazione 65 anni e più (valori percentuali) - al 1° gennaio;2023;23.5;
Annuale;Modena;Popolazione 65 anni e più (valori percentuali) - al 1° gennaio;2024;23.7;
Annuale;Modena;Popolazione 65 anni e più (valori percentuali) - al 1° gennaio;2025;23.9;Dato stimato
Annuale;Modena;Indice di dipendenza strutturale (valori percentuali) - al 1° gennaio;2002;49.9;
Annuale;Modena;Indice di dipendenza strutturale (valori percentuali) - al 1° gennaio;2003;50.6;
Annuale;Modena;Indice di dipendenza strutturale (valori percentuali) - al 1° gennaio;2004;51.1;
Annuale;Modena;Indice di dipendenza strutturale (valori percentuali) - al 1° gennaio;2005;51.8;
Annuale;Modena;Indice di dipendenza strutturale (valori percentuali) - al 1° gennaio;2006;52.8;
Annuale;Modena;Indice di dipendenza strutturale (valori percentuali) - al 1° gennaio;2007;53.6;
Annuale;Modena;Indice di dipendenza strutturale (valori percentuali) - al 1° gennaio;2008;53.9;
Annuale;Modena;Indice di dipendenza strutturale (valori percentuali) - al 1° gennaio;2009;54.1;
Annuale;Modena;Indice di dipendenza strutturale (valori percentuali) - al 1° gennaio;2010;54.5;
Annuale;Modena;Indice di dipendenza strutturale (valori percentuali) - al 1° gennaio;2011;54.5;
Annuale;Modena;Indice di dipendenza strutturale (valori percentuali) - al 1° gennaio;2012;55.6;
Annuale;Modena;Indice di dipendenza strutturale (valori percentuali) - al 1° gennaio;2013;56.3;
Annuale;Modena;Indice di dipendenza strutturale (valori percentuali) - al 1° gennaio;2014;57;
Annuale;Modena;Indice di dipendenza strutturale (valori percentuali) - al 1° gennaio;2015;57.7;
Annuale;Modena;Indice di dipendenza strutturale (valori percentuali) - al 1° gennaio;2016;58;
Annuale;Modena;Indice di dipendenza strutturale (valori percentuali) - al 1° gennaio;2017;58.1;
Annuale;Modena;Indice di dipendenza strutturale (valori percentuali) - al 1° gennaio;2018;58;
Annuale;Modena;Indice di dipendenza strutturale (valori percentuali) - al 1° gennaio;2019;57.9;
Annuale;Modena;Indice di dipendenza strutturale (valori percentuali) - al 1° gennaio;2020;57.9;
Annuale;Modena;Indice di dipendenza strutturale (valori percentuali) - al 1° gennaio;2021;57.6;
Annuale;Modena;Indice di dipendenza strutturale (valori percentuali) - al 1° gennaio;2022;57.7;
Annuale;Modena;Indice di dipendenza strutturale (valori percentuali) - al 1° gennaio;2023;57.4;
Annuale;Modena;Indice di dipendenza strutturale (valori percentuali) - al 1° gennaio;2024;57;
Annuale;Modena;Indice di dipendenza strutturale (valori percentuali) - al 1° gennaio;2025;57;Dato stimato
Annuale;Modena;Indice di dipendenza degli anziani (valori percentuali) - al 1° gennaio;2002;30.7;
Annuale;Modena;Indice di dipendenza degli anziani (valori percentuali) - al 1° gennaio;2003;31;
Annuale;Modena;Indice di dipendenza degli anziani (valori percentuali) - al 1° gennaio;2004;31.3;
Annuale;Modena;Indice di dipendenza degli anziani (valori percentuali) - al 1° gennaio;2005;31.6;
Annuale;Modena;Indice di dipendenza degli anziani (valori percentuali) - al 1° gennaio;2006;32.1;
Annuale;Modena;Indice di dipendenza degli anziani (valori percentuali) - al 1° gennaio;2007;32.5;
Annuale;Modena;Indice di dipendenza degli anziani (valori percentuali) - al 1° gennaio;2008;32.5;
Annuale;Modena;Indice di dipendenza degli anziani (valori percentuali) - al 1° gennaio;2009;32.4;
Annuale;Modena;Indice di dipendenza degli anziani (valori percentuali) - al 1° gennaio;2010;32.6;
Annuale;Modena;Indice di dipendenza degli anziani (valori percentuali) - al 1° gennaio;2011;32.4;
Annuale;Modena;Indice di dipendenza degli anziani (valori percentuali) - al 1° gennaio;2012;33.2;
Annuale;Modena;Indice di dipendenza degli anziani (valori percentuali) - al 1° gennaio;2013;33.8;
Annuale;Modena;Indice di dipendenza degli anziani (valori percentuali) - al 1° gennaio;2014;34.4;
Annuale;Modena;Indice di dipendenza degli anziani (valori percentuali) - al 1° gennaio;2015;35.1;
Annuale;Modena;Indice di dipendenza degli anziani (valori percentuali) - al 1° gennaio;2016;35.5;
Annuale;Modena;Indice di dipendenza degli anziani (valori percentuali) - al 1° gennaio;2017;35.8;
Annuale;Modena;Indice di dipendenza degli anziani (valori percentuali) - al 1° gennaio;2018;36;
Annuale;Modena;Indice di dipendenza degli anziani (valori percentuali) - al 1° gennaio;2019;36;
Annuale;Modena;Indice di dipendenza degli anziani (valori percentuali) - al 1° gennaio;2020;36.4;
Annuale;Modena;Indice di dipendenza degli anziani (valori percentuali) - al 1° gennaio;2021;36.5;
Annuale;Modena;Indice di dipendenza degli anziani (valori percentuali) - al 1° gennaio;2022;36.8;
Annuale;Modena;Indice di dipendenza degli anziani (valori percentuali) - al 1° gennaio;2023;37;
Annuale;Modena;Indice di dipendenza degli anziani (valori percentuali) - al 1° gennaio;2024;37.2;
Annuale;Modena;Indice di dipendenza degli anziani (valori percentuali) - al 1° gennaio;2025;37.6;Dato stimato
Annuale;Modena;Indice di vecchiaia (valori percentuali) - al 1° gennaio;2002;160.1;
Annuale;Modena;Indice di vecchiaia (valori percentuali) - al 1° gennaio;2003;158.4;
Annuale;Modena;Indice di vecchiaia (valori percentuali) - al 1° gennaio;2004;157.4;
Annuale;Modena;Indice di vecchiaia (valori percentuali) - al 1° gennaio;2005;156.2;
Annuale;Modena;Indice di vecchiaia (valori percentuali) - al 1° gennaio;2006;154.6;
Annuale;Modena;Indice di vecchiaia (valori percentuali) - al 1° gennaio;2007;153.9;
Annuale;Modena;Indice di vecchiaia (valori percentuali) - al 1° gennaio;2008;152;
Annuale;Modena;Indice di vecchiaia (valori percentuali) - al 1° gennaio;2009;149.8;
Annuale;Modena;Indice di vecchiaia (valori percentuali) - al 1° gennaio;2010;148.7;
Annuale;Modena;Indice di vecchiaia (valori percentuali) - al 1° gennaio;2011;147.2;
Annuale;Modena;Indice di vecchiaia (valori percentuali) - al 1° gennaio;2012;148.8;
Annuale;Modena;Indice di vecchiaia (valori percentuali) - al 1° gennaio;2013;149.9;
Annuale;Modena;Indice di vecchiaia (valori percentuali) - al 1° gennaio;2014;152.1;
Annuale;Modena;Indice di vecchiaia (valori percentuali) - al 1° gennaio;2015;154.8;
Annuale;Modena;Indice di vecchiaia (valori percentuali) - al 1° gennaio;2016;157.8;
Annuale;Modena;Indice di vecchiaia (valori percentuali) - al 1° gennaio;2017;160.1;
Annuale;Modena;Indice di vecchiaia (valori percentuali) - al 1° gennaio;2018;163.1;
Annuale;Modena;Indice di vecchiaia (valori percentuali) - al 1° gennaio;2019;165.1;
Annuale;Modena;Indice di vecchiaia (valori percentuali) - al 1° gennaio;2020;169.7;
Annuale;Modena;Indice di vecchiaia (valori percentuali) - al 1° gennaio;2021;172.7;
Annuale;Modena;Indice di vecchiaia (valori percentuali) - al 1° gennaio;2022;176.6;
Annuale;Modena;Indice di vecchiaia (valori percentuali) - al 1° gennaio;2023;181.2;
Annuale;Modena;Indice di vecchiaia (valori percentuali) - al 1° gennaio;2024;187.1;
Annuale;Modena;Indice di vecchiaia (valori percentuali) - al 1° gennaio;2025;193.4;Dato stimato
Annuale;Modena;Età media della popolazione - al 1° gennaio;2002;43.5;
Annuale;Modena;Età media della popolazione - al 1° gennaio;2003;43.6;
Annuale;Modena;Età media della popolazione - al 1° gennaio;2004;43.6;
Annuale;Modena;Età media della popolazione - al 1° gennaio;2005;43.7;
Annuale;Modena;Età media della popolazione - al 1° gennaio;2006;43.7;
Annuale;Modena;Età media della popolazione - al 1° gennaio;2007;43.8;
Annuale;Modena;Età media della popolazione - al 1° gennaio;2008;43.9;
Annuale;Modena;Età media della popolazione - al 1° gennaio;2009;43.8;
Annuale;Modena;Età media della popolazione - al 1° gennaio;2010;43.9;
Annuale;Modena;Età media della popolazione - al 1° gennaio;2011;44;
Annuale;Modena;Età media della popolazione - al 1° gennaio;2012;44.1;
Annuale;Modena;Età media della popolazione - al 1° gennaio;2013;44.3;
Annuale;Modena;Età media della popolazione - al 1° gennaio;2014;44.4;
Annuale;Modena;Età media della popolazione - al 1° gennaio;2015;44.6;
Annuale;Modena;Età media della popolazione - al 1° gennaio;2016;44.8;
Annuale;Modena;Età media della popolazione - al 1° gennaio;2017;45;
Annuale;Modena;Età media della popolazione - al 1° gennaio;2018;45.2;
Annuale;Modena;Età media della popolazione - al 1° gennaio;2019;45.4;
Annuale;Modena;Età media della popolazione - al 1° gennaio;2020;45.6;
Annuale;Modena;Età media della popolazione - al 1° gennaio;2021;45.7;
Annuale;Modena;Età media della popolazione - al 1° gennaio;2022;45.9;
Annuale;Modena;Età media della popolazione - al 1° gennaio;2023;46;
Annuale;Modena;Età media della popolazione - al 1° gennaio;2024;46.2;
Annuale;Modena;Età media della popolazione - al 1° gennaio;2025;46.4;Dato stimato
