﻿Frequenza;Territorio;Indicatore;Sesso;Età;TIME_PERIOD;Osservazione;"'Stato dell""'osservazione'"
Annuale;Italia;Tasso di disoccupazione;Maschi;15-24 anni;2023;21.083.284;
Annuale;Italia;Tasso di disoccupazione;Maschi;15-24 anni;2024;19.171.425;
Annuale;Italia;Tasso di disoccupazione;Maschi;25-34 anni;2023;9.489.122;
Annuale;Italia;Tasso di disoccupazione;Maschi;25-34 anni;2024;8.410.659;
Annuale;Italia;Tasso di disoccupazione;Maschi;15-34 anni;2023;12.484.606;
Annuale;Italia;Tasso di disoccupazione;Maschi;15-34 anni;2024;11.140.648;
Annuale;Italia;Tasso di disoccupazione;Maschi;35-49 anni;2023;5.609.824;
Annuale;Italia;Tasso di disoccupazione;Maschi;35-49 anni;2024;4.783.126;
Annuale;Italia;Tasso di disoccupazione;Maschi;20-64 anni;2023;6.714.675;
Annuale;Italia;Tasso di disoccupazione;Maschi;20-64 anni;2024;5.797.612;
Annuale;Italia;Tasso di disoccupazione;Maschi;15-64 anni;2023;6.959.521;
Annuale;Italia;Tasso di disoccupazione;Maschi;15-64 anni;2024;603.491;
Annuale;Italia;Tasso di disoccupazione;Maschi;15-74 anni;2023;6.806.493;
Annuale;Italia;Tasso di disoccupazione;Maschi;15-74 anni;2024;5.890.875;
Annuale;Italia;Tasso di disoccupazione;Maschi;50-74 anni;2023;4.339.433;
Annuale;Italia;Tasso di disoccupazione;Maschi;50-74 anni;2024;3.695.646;
Annuale;Italia;Tasso di disoccupazione;Femmine;15-24 anni;2023;25.232.824;
Annuale;Italia;Tasso di disoccupazione;Femmine;15-24 anni;2024;22.195.369;
Annuale;Italia;Tasso di disoccupazione;Femmine;25-34 anni;2023;11.411.712;
Annuale;Italia;Tasso di disoccupazione;Femmine;25-34 anni;2024;10.027.578;
Annuale;Italia;Tasso di disoccupazione;Femmine;15-34 anni;2023;1.459.778;
Annuale;Italia;Tasso di disoccupazione;Femmine;15-34 anni;2024;12.600.326;
Annuale;Italia;Tasso di disoccupazione;Femmine;35-49 anni;2023;8.444.213;
Annuale;Italia;Tasso di disoccupazione;Femmine;35-49 anni;2024;6.928.252;
Annuale;Italia;Tasso di disoccupazione;Femmine;20-64 anni;2023;8.694.417;
Annuale;Italia;Tasso di disoccupazione;Femmine;20-64 anni;2024;7.261.395;
Annuale;Italia;Tasso di disoccupazione;Femmine;15-64 anni;2023;8.900.825;
Annuale;Italia;Tasso di disoccupazione;Femmine;15-64 anni;2024;7.452.382;
Annuale;Italia;Tasso di disoccupazione;Femmine;15-74 anni;2023;8.770.317;
Annuale;Italia;Tasso di disoccupazione;Femmine;15-74 anni;2024;7.346.544;
Annuale;Italia;Tasso di disoccupazione;Femmine;50-74 anni;2023;5.414.497;
Annuale;Italia;Tasso di disoccupazione;Femmine;50-74 anni;2024;4.570.382;
Annuale;Italia;Tasso di disoccupazione;Totale;15-24 anni;2023;22.725.872;
Annuale;Italia;Tasso di disoccupazione;Totale;15-24 anni;2024;20.316.079;
Annuale;Italia;Tasso di disoccupazione;Totale;25-34 anni;2023;10.320.544;
Annuale;Italia;Tasso di disoccupazione;Totale;25-34 anni;2024;9.115.215;
Annuale;Italia;Tasso di disoccupazione;Totale;15-34 anni;2023;13.379.384;
Annuale;Italia;Tasso di disoccupazione;Totale;15-34 anni;2024;11.756.992;
Annuale;Italia;Tasso di disoccupazione;Totale;35-49 anni;2023;6.858.041;
Annuale;Italia;Tasso di disoccupazione;Totale;35-49 anni;2024;5.726.435;
Annuale;Italia;Tasso di disoccupazione;Totale;20-64 anni;2023;7.570.572;
Annuale;Italia;Tasso di disoccupazione;Totale;20-64 anni;2024;6.430.023;
Annuale;Italia;Tasso di disoccupazione;Totale;15-64 anni;2023;7.797.615;
Annuale;Italia;Tasso di disoccupazione;Totale;15-64 anni;2024;6.646.077;
Annuale;Italia;Tasso di disoccupazione;Totale;15-74 anni;2023;7.650.163;
Annuale;Italia;Tasso di disoccupazione;Totale;15-74 anni;2024;6.515.803;
Annuale;Italia;Tasso di disoccupazione;Totale;50-74 anni;2023;4.794.334;
Annuale;Italia;Tasso di disoccupazione;Totale;50-74 anni;2024;4.066.421;
Annuale;Emilia-Romagna;Tasso di disoccupazione;Maschi;15-24 anni;2023;14.765.192;
Annuale;Emilia-Romagna;Tasso di disoccupazione;Maschi;15-24 anni;2024;11.263.966;
Annuale;Emilia-Romagna;Tasso di disoccupazione;Maschi;25-34 anni;2023;4.979.791;
Annuale;Emilia-Romagna;Tasso di disoccupazione;Maschi;25-34 anni;2024;536.257;
Annuale;Emilia-Romagna;Tasso di disoccupazione;Maschi;15-34 anni;2023;7.515.174;
Annuale;Emilia-Romagna;Tasso di disoccupazione;Maschi;15-34 anni;2024;6.922.692;
Annuale;Emilia-Romagna;Tasso di disoccupazione;Maschi;35-49 anni;2023;2.509.675;
Annuale;Emilia-Romagna;Tasso di disoccupazione;Maschi;35-49 anni;2024;2.694.058;
Annuale;Emilia-Romagna;Tasso di disoccupazione;Maschi;20-64 anni;2023;3.872.324;
Annuale;Emilia-Romagna;Tasso di disoccupazione;Maschi;20-64 anni;2024;3.300.529;
Annuale;Emilia-Romagna;Tasso di disoccupazione;Maschi;15-64 anni;2023;3.998.967;
Annuale;Emilia-Romagna;Tasso di disoccupazione;Maschi;15-64 anni;2024;3.534.927;
Annuale;Emilia-Romagna;Tasso di disoccupazione;Maschi;15-74 anni;2023;3.880.034;
Annuale;Emilia-Romagna;Tasso di disoccupazione;Maschi;15-74 anni;2024;3.436.602;
Annuale;Emilia-Romagna;Tasso di disoccupazione;Maschi;50-74 anni;2023;284.778;
Annuale;Emilia-Romagna;Tasso di disoccupazione;Maschi;50-74 anni;2024;1.900.268;
Annuale;Emilia-Romagna;Tasso di disoccupazione;Femmine;15-24 anni;2023;20.230.628;
Annuale;Emilia-Romagna;Tasso di disoccupazione;Femmine;15-24 anni;2024;14.212.958;
Annuale;Emilia-Romagna;Tasso di disoccupazione;Femmine;25-34 anni;2023;7.352.855;
Annuale;Emilia-Romagna;Tasso di disoccupazione;Femmine;25-34 anni;2024;7.051.121;
Annuale;Emilia-Romagna;Tasso di disoccupazione;Femmine;15-34 anni;2023;10.321.509;
Annuale;Emilia-Romagna;Tasso di disoccupazione;Femmine;15-34 anni;2024;8.524.099;
Annuale;Emilia-Romagna;Tasso di disoccupazione;Femmine;35-49 anni;2023;5.711.935;
Annuale;Emilia-Romagna;Tasso di disoccupazione;Femmine;35-49 anni;2024;5.366.405;
Annuale;Emilia-Romagna;Tasso di disoccupazione;Femmine;20-64 anni;2023;6.108.145;
Annuale;Emilia-Romagna;Tasso di disoccupazione;Femmine;20-64 anni;2024;5.328.816;
Annuale;Emilia-Romagna;Tasso di disoccupazione;Femmine;15-64 anni;2023;629.825;
Annuale;Emilia-Romagna;Tasso di disoccupazione;Femmine;15-64 anni;2024;5.459.955;
Annuale;Emilia-Romagna;Tasso di disoccupazione;Femmine;15-74 anni;2023;6.243.929;
Annuale;Emilia-Romagna;Tasso di disoccupazione;Femmine;15-74 anni;2024;5.373.634;
Annuale;Emilia-Romagna;Tasso di disoccupazione;Femmine;50-74 anni;2023;4.357.778;
Annuale;Emilia-Romagna;Tasso di disoccupazione;Femmine;50-74 anni;2024;3.604.025;
Annuale;Emilia-Romagna;Tasso di disoccupazione;Totale;15-24 anni;2023;17.005.781;
Annuale;Emilia-Romagna;Tasso di disoccupazione;Totale;15-24 anni;2024;12.345.546;
Annuale;Emilia-Romagna;Tasso di disoccupazione;Totale;25-34 anni;2023;6.042.503;
Annuale;Emilia-Romagna;Tasso di disoccupazione;Totale;25-34 anni;2024;611.477;
Annuale;Emilia-Romagna;Tasso di disoccupazione;Totale;15-34 anni;2023;8.745.698;
Annuale;Emilia-Romagna;Tasso di disoccupazione;Totale;15-34 anni;2024;7.605.901;
Annuale;Emilia-Romagna;Tasso di disoccupazione;Totale;35-49 anni;2023;4.001.788;
Annuale;Emilia-Romagna;Tasso di disoccupazione;Totale;35-49 anni;2024;3.923.772;
Annuale;Emilia-Romagna;Tasso di disoccupazione;Totale;20-64 anni;2023;4.901.911;
Annuale;Emilia-Romagna;Tasso di disoccupazione;Totale;20-64 anni;2024;4.220.234;
Annuale;Emilia-Romagna;Tasso di disoccupazione;Totale;15-64 anni;2023;5.056.649;
Annuale;Emilia-Romagna;Tasso di disoccupazione;Totale;15-64 anni;2024;4.405.441;
Annuale;Emilia-Romagna;Tasso di disoccupazione;Totale;15-74 anni;2023;4.959.339;
Annuale;Emilia-Romagna;Tasso di disoccupazione;Totale;15-74 anni;2024;4.309.464;
Annuale;Emilia-Romagna;Tasso di disoccupazione;Totale;50-74 anni;2023;3.540.517;
Annuale;Emilia-Romagna;Tasso di disoccupazione;Totale;50-74 anni;2024;2.677.543;
Annuale;Piacenza;Tasso di disoccupazione;Maschi;15-24 anni;2023;17.712.119;
Annuale;Piacenza;Tasso di disoccupazione;Maschi;15-24 anni;2024;10.820.063;
Annuale;Piacenza;Tasso di disoccupazione;Maschi;25-34 anni;2023;5.044.852;
Annuale;Piacenza;Tasso di disoccupazione;Maschi;25-34 anni;2024;4.934.071;
Annuale;Piacenza;Tasso di disoccupazione;Maschi;15-34 anni;2023;9.182.883;
Annuale;Piacenza;Tasso di disoccupazione;Maschi;15-34 anni;2024;6.828.003;
Annuale;Piacenza;Tasso di disoccupazione;Maschi;35-49 anni;2023;4.568.759;
Annuale;Piacenza;Tasso di disoccupazione;Maschi;35-49 anni;2024;3.615.191;
Annuale;Piacenza;Tasso di disoccupazione;Maschi;20-64 anni;2023;4.920.594;
Annuale;Piacenza;Tasso di disoccupazione;Maschi;20-64 anni;2024;3.747.973;
Annuale;Piacenza;Tasso di disoccupazione;Maschi;15-64 anni;2023;5.212.381;
Annuale;Piacenza;Tasso di disoccupazione;Maschi;15-64 anni;2024;4.022.006;
Annuale;Piacenza;Tasso di disoccupazione;Maschi;15-74 anni;2023;5.118.314;
Annuale;Piacenza;Tasso di disoccupazione;Maschi;15-74 anni;2024;4.108.323;
Annuale;Piacenza;Tasso di disoccupazione;Maschi;50-74 anni;2023;3.081.019;
Annuale;Piacenza;Tasso di disoccupazione;Maschi;50-74 anni;2024;2.738.222;
Annuale;Piacenza;Tasso di disoccupazione;Femmine;15-24 anni;2023;23.891.372;
Annuale;Piacenza;Tasso di disoccupazione;Femmine;15-24 anni;2024;10.688.259;
Annuale;Piacenza;Tasso di disoccupazione;Femmine;25-34 anni;2023;10.691.662;
Annuale;Piacenza;Tasso di disoccupazione;Femmine;25-34 anni;2024;6.922.095;
Annuale;Piacenza;Tasso di disoccupazione;Femmine;15-34 anni;2023;13.324.195;
Annuale;Piacenza;Tasso di disoccupazione;Femmine;15-34 anni;2024;7.825.243;
Annuale;Piacenza;Tasso di disoccupazione;Femmine;35-49 anni;2023;5.905.565;
Annuale;Piacenza;Tasso di disoccupazione;Femmine;35-49 anni;2024;7.665.211;
Annuale;Piacenza;Tasso di disoccupazione;Femmine;20-64 anni;2023;7.866.181;
Annuale;Piacenza;Tasso di disoccupazione;Femmine;20-64 anni;2024;631.145;
Annuale;Piacenza;Tasso di disoccupazione;Femmine;15-64 anni;2023;8.127.214;
Annuale;Piacenza;Tasso di disoccupazione;Femmine;15-64 anni;2024;6.543.445;
Annuale;Piacenza;Tasso di disoccupazione;Femmine;15-74 anni;2023;7.995.121;
Annuale;Piacenza;Tasso di disoccupazione;Femmine;15-74 anni;2024;6.743.997;
Annuale;Piacenza;Tasso di disoccupazione;Femmine;50-74 anni;2023;6.676.379;
Annuale;Piacenza;Tasso di disoccupazione;Femmine;50-74 anni;2024;5.285.353;
Annuale;Piacenza;Tasso di disoccupazione;Totale;15-24 anni;2023;19.668.759;
Annuale;Piacenza;Tasso di disoccupazione;Totale;15-24 anni;2024;10.773.216;
Annuale;Piacenza;Tasso di disoccupazione;Totale;25-34 anni;2023;7.708.797;
Annuale;Piacenza;Tasso di disoccupazione;Totale;25-34 anni;2024;583.343;
Annuale;Piacenza;Tasso di disoccupazione;Totale;15-34 anni;2023;10.961.929;
Annuale;Piacenza;Tasso di disoccupazione;Totale;15-34 anni;2024;7.252.729;
Annuale;Piacenza;Tasso di disoccupazione;Totale;35-49 anni;2023;5.177.973;
Annuale;Piacenza;Tasso di disoccupazione;Totale;35-49 anni;2024;5.427.905;
Annuale;Piacenza;Tasso di disoccupazione;Totale;20-64 anni;2023;6.235.629;
Annuale;Piacenza;Tasso di disoccupazione;Totale;20-64 anni;2024;4.881.894;
Annuale;Piacenza;Tasso di disoccupazione;Totale;15-64 anni;2023;6.507.625;
Annuale;Piacenza;Tasso di disoccupazione;Totale;15-64 anni;2024;5.137.925;
Annuale;Piacenza;Tasso di disoccupazione;Totale;15-74 anni;2023;6.383.688;
Annuale;Piacenza;Tasso di disoccupazione;Totale;15-74 anni;2024;5.263.607;
Annuale;Piacenza;Tasso di disoccupazione;Totale;50-74 anni;2023;4.635.345;
Annuale;Piacenza;Tasso di disoccupazione;Totale;50-74 anni;2024;3.855.163;
Annuale;Parma;Tasso di disoccupazione;Maschi;15-24 anni;2023;11.707.382;
Annuale;Parma;Tasso di disoccupazione;Maschi;15-24 anni;2024;13.551.625;
Annuale;Parma;Tasso di disoccupazione;Maschi;25-34 anni;2023;117.453;
Annuale;Parma;Tasso di disoccupazione;Maschi;25-34 anni;2024;5.462.023;
Annuale;Parma;Tasso di disoccupazione;Maschi;15-34 anni;2023;3.613.378;
Annuale;Parma;Tasso di disoccupazione;Maschi;15-34 anni;2024;7.430.782;
Annuale;Parma;Tasso di disoccupazione;Maschi;35-49 anni;2023;1.550.241;
Annuale;Parma;Tasso di disoccupazione;Maschi;35-49 anni;2024;1.830.653;
Annuale;Parma;Tasso di disoccupazione;Maschi;20-64 anni;2023;2.291.538;
Annuale;Parma;Tasso di disoccupazione;Maschi;20-64 anni;2024;3.384.148;
Annuale;Parma;Tasso di disoccupazione;Maschi;15-64 anni;2023;2.321.227;
Annuale;Parma;Tasso di disoccupazione;Maschi;15-64 anni;2024;337.001;
Annuale;Parma;Tasso di disoccupazione;Maschi;15-74 anni;2023;2.259.275;
Annuale;Parma;Tasso di disoccupazione;Maschi;15-74 anni;2024;3.290.139;
Annuale;Parma;Tasso di disoccupazione;Maschi;50-74 anni;2023;1.966.441;
Annuale;Parma;Tasso di disoccupazione;Maschi;50-74 anni;2024;1.605.694;
Annuale;Parma;Tasso di disoccupazione;Femmine;15-24 anni;2023;21.721.235;
Annuale;Parma;Tasso di disoccupazione;Femmine;15-24 anni;2024;10.750.507;
Annuale;Parma;Tasso di disoccupazione;Femmine;25-34 anni;2023;5.531.441;
Annuale;Parma;Tasso di disoccupazione;Femmine;25-34 anni;2024;11.575.563;
Annuale;Parma;Tasso di disoccupazione;Femmine;15-34 anni;2023;9.399.839;
Annuale;Parma;Tasso di disoccupazione;Femmine;15-34 anni;2024;11.393.081;
Annuale;Parma;Tasso di disoccupazione;Femmine;35-49 anni;2023;8.349.032;
Annuale;Parma;Tasso di disoccupazione;Femmine;35-49 anni;2024;5.662.654;
Annuale;Parma;Tasso di disoccupazione;Femmine;20-64 anni;2023;6.172.945;
Annuale;Parma;Tasso di disoccupazione;Femmine;20-64 anni;2024;6.001.627;
Annuale;Parma;Tasso di disoccupazione;Femmine;15-64 anni;2023;6.320.614;
Annuale;Parma;Tasso di disoccupazione;Femmine;15-64 anni;2024;6.089.196;
Annuale;Parma;Tasso di disoccupazione;Femmine;15-74 anni;2023;6.155.658;
Annuale;Parma;Tasso di disoccupazione;Femmine;15-74 anni;2024;6.024.185;
Annuale;Parma;Tasso di disoccupazione;Femmine;50-74 anni;2023;2.107.549;
Annuale;Parma;Tasso di disoccupazione;Femmine;50-74 anni;2024;3.586.241;
Annuale;Parma;Tasso di disoccupazione;Totale;15-24 anni;2023;15.885.011;
Annuale;Parma;Tasso di disoccupazione;Totale;15-24 anni;2024;12.582.006;
Annuale;Parma;Tasso di disoccupazione;Totale;25-34 anni;2023;2.946.791;
Annuale;Parma;Tasso di disoccupazione;Totale;25-34 anni;2024;7.805.537;
Annuale;Parma;Tasso di disoccupazione;Totale;15-34 anni;2023;5.980.346;
Annuale;Parma;Tasso di disoccupazione;Totale;15-34 anni;2024;8.917.661;
Annuale;Parma;Tasso di disoccupazione;Totale;35-49 anni;2023;470.466;
Annuale;Parma;Tasso di disoccupazione;Totale;35-49 anni;2024;3.570.776;
Annuale;Parma;Tasso di disoccupazione;Totale;20-64 anni;2023;4.005.281;
Annuale;Parma;Tasso di disoccupazione;Totale;20-64 anni;2024;4.523.988;
Annuale;Parma;Tasso di disoccupazione;Totale;15-64 anni;2023;4.092.622;
Annuale;Parma;Tasso di disoccupazione;Totale;15-64 anni;2024;4.552.636;
Annuale;Parma;Tasso di disoccupazione;Totale;15-74 anni;2023;3.984.465;
Annuale;Parma;Tasso di disoccupazione;Totale;15-74 anni;2024;4.477.944;
Annuale;Parma;Tasso di disoccupazione;Totale;50-74 anni;2023;202.803;
Annuale;Parma;Tasso di disoccupazione;Totale;50-74 anni;2024;250.697;
Annuale;Reggio nell'Emilia;Tasso di disoccupazione;Maschi;15-24 anni;2023;8.792.112;
Annuale;Reggio nell'Emilia;Tasso di disoccupazione;Maschi;15-24 anni;2024;17.848.251;
Annuale;Reggio nell'Emilia;Tasso di disoccupazione;Maschi;25-34 anni;2023;521.976;
Annuale;Reggio nell'Emilia;Tasso di disoccupazione;Maschi;25-34 anni;2024;5.920.332;
Annuale;Reggio nell'Emilia;Tasso di disoccupazione;Maschi;15-34 anni;2023;6.069.777;
Annuale;Reggio nell'Emilia;Tasso di disoccupazione;Maschi;15-34 anni;2024;8.588.597;
Annuale;Reggio nell'Emilia;Tasso di disoccupazione;Maschi;35-49 anni;2023;0.896401;
Annuale;Reggio nell'Emilia;Tasso di disoccupazione;Maschi;35-49 anni;2024;0.823915;
Annuale;Reggio nell'Emilia;Tasso di disoccupazione;Maschi;20-64 anni;2023;3.385.628;
Annuale;Reggio nell'Emilia;Tasso di disoccupazione;Maschi;20-64 anni;2024;3.433.294;
Annuale;Reggio nell'Emilia;Tasso di disoccupazione;Maschi;15-64 anni;2023;3.543.774;
Annuale;Reggio nell'Emilia;Tasso di disoccupazione;Maschi;15-64 anni;2024;3.398.931;
Annuale;Reggio nell'Emilia;Tasso di disoccupazione;Maschi;15-74 anni;2023;3.443.959;
Annuale;Reggio nell'Emilia;Tasso di disoccupazione;Maschi;15-74 anni;2024;329.785;
Annuale;Reggio nell'Emilia;Tasso di disoccupazione;Maschi;50-74 anni;2023;4.215.945;
Annuale;Reggio nell'Emilia;Tasso di disoccupazione;Maschi;50-74 anni;2024;2.268.302;
Annuale;Reggio nell'Emilia;Tasso di disoccupazione;Femmine;15-24 anni;2023;18.745.098;
Annuale;Reggio nell'Emilia;Tasso di disoccupazione;Femmine;15-24 anni;2024;11.637.847;
Annuale;Reggio nell'Emilia;Tasso di disoccupazione;Femmine;25-34 anni;2023;8.545.573;
Annuale;Reggio nell'Emilia;Tasso di disoccupazione;Femmine;25-34 anni;2024;446.385;
Annuale;Reggio nell'Emilia;Tasso di disoccupazione;Femmine;15-34 anni;2023;11.870.412;
Annuale;Reggio nell'Emilia;Tasso di disoccupazione;Femmine;15-34 anni;2024;5.903.455;
Annuale;Reggio nell'Emilia;Tasso di disoccupazione;Femmine;35-49 anni;2023;6.502.058;
Annuale;Reggio nell'Emilia;Tasso di disoccupazione;Femmine;35-49 anni;2024;2.814.309;
Annuale;Reggio nell'Emilia;Tasso di disoccupazione;Femmine;20-64 anni;2023;6.787.529;
Annuale;Reggio nell'Emilia;Tasso di disoccupazione;Femmine;20-64 anni;2024;3.696.543;
Annuale;Reggio nell'Emilia;Tasso di disoccupazione;Femmine;15-64 anni;2023;6.836.981;
Annuale;Reggio nell'Emilia;Tasso di disoccupazione;Femmine;15-64 anni;2024;3.797.773;
Annuale;Reggio nell'Emilia;Tasso di disoccupazione;Femmine;15-74 anni;2023;6.822.194;
Annuale;Reggio nell'Emilia;Tasso di disoccupazione;Femmine;15-74 anni;2024;3.784.648;
Annuale;Reggio nell'Emilia;Tasso di disoccupazione;Femmine;50-74 anni;2023;391.519;
Annuale;Reggio nell'Emilia;Tasso di disoccupazione;Femmine;50-74 anni;2024;3.510.289;
Annuale;Reggio nell'Emilia;Tasso di disoccupazione;Totale;15-24 anni;2023;1.388.443;
Annuale;Reggio nell'Emilia;Tasso di disoccupazione;Totale;15-24 anni;2024;1.534.669;
Annuale;Reggio nell'Emilia;Tasso di disoccupazione;Totale;25-34 anni;2023;6.565.103;
Annuale;Reggio nell'Emilia;Tasso di disoccupazione;Totale;25-34 anni;2024;528.489;
Annuale;Reggio nell'Emilia;Tasso di disoccupazione;Totale;15-34 anni;2023;8.589.687;
Annuale;Reggio nell'Emilia;Tasso di disoccupazione;Totale;15-34 anni;2024;7.436.288;
Annuale;Reggio nell'Emilia;Tasso di disoccupazione;Totale;35-49 anni;2023;3.441.086;
Annuale;Reggio nell'Emilia;Tasso di disoccupazione;Totale;35-49 anni;2024;1.746.411;
Annuale;Reggio nell'Emilia;Tasso di disoccupazione;Totale;20-64 anni;2023;4.920.204;
Annuale;Reggio nell'Emilia;Tasso di disoccupazione;Totale;20-64 anni;2024;355.126;
Annuale;Reggio nell'Emilia;Tasso di disoccupazione;Totale;15-64 anni;2023;5.026.892;
Annuale;Reggio nell'Emilia;Tasso di disoccupazione;Totale;15-64 anni;2024;3.577.855;
Annuale;Reggio nell'Emilia;Tasso di disoccupazione;Totale;15-74 anni;2023;495.553;
Annuale;Reggio nell'Emilia;Tasso di disoccupazione;Totale;15-74 anni;2024;3.515.336;
Annuale;Reggio nell'Emilia;Tasso di disoccupazione;Totale;50-74 anni;2023;4.080.644;
Annuale;Reggio nell'Emilia;Tasso di disoccupazione;Totale;50-74 anni;2024;2.815.705;
Annuale;Modena;Tasso di disoccupazione;Maschi;15-24 anni;2023;6.893.071;
Annuale;Modena;Tasso di disoccupazione;Maschi;15-24 anni;2024;681.156;
Annuale;Modena;Tasso di disoccupazione;Maschi;25-34 anni;2023;2.784.646;
Annuale;Modena;Tasso di disoccupazione;Maschi;25-34 anni;2024;3.459.497;
Annuale;Modena;Tasso di disoccupazione;Maschi;15-34 anni;2023;4.017.307;
Annuale;Modena;Tasso di disoccupazione;Maschi;15-34 anni;2024;4.368.818;
Annuale;Modena;Tasso di disoccupazione;Maschi;35-49 anni;2023;2.737.318;
Annuale;Modena;Tasso di disoccupazione;Maschi;35-49 anni;2024;4.135.705;
Annuale;Modena;Tasso di disoccupazione;Maschi;20-64 anni;2023;3.015.912;
Annuale;Modena;Tasso di disoccupazione;Maschi;20-64 anni;2024;3.516.495;
Annuale;Modena;Tasso di disoccupazione;Maschi;15-64 anni;2023;3.143.581;
Annuale;Modena;Tasso di disoccupazione;Maschi;15-64 anni;2024;3.707.136;
Annuale;Modena;Tasso di disoccupazione;Maschi;15-74 anni;2023;2.987.463;
Annuale;Modena;Tasso di disoccupazione;Maschi;15-74 anni;2024;3.548.044;
Annuale;Modena;Tasso di disoccupazione;Maschi;50-74 anni;2023;2.543.157;
Annuale;Modena;Tasso di disoccupazione;Maschi;50-74 anni;2024;2.428.949;
Annuale;Modena;Tasso di disoccupazione;Femmine;15-24 anni;2023;26.711.227;
Annuale;Modena;Tasso di disoccupazione;Femmine;15-24 anni;2024;26.276.064;
Annuale;Modena;Tasso di disoccupazione;Femmine;25-34 anni;2023;9.561.523;
Annuale;Modena;Tasso di disoccupazione;Femmine;25-34 anni;2024;3.242.083;
Annuale;Modena;Tasso di disoccupazione;Femmine;15-34 anni;2023;1.325.902;
Annuale;Modena;Tasso di disoccupazione;Femmine;15-34 anni;2024;9.812.682;
Annuale;Modena;Tasso di disoccupazione;Femmine;35-49 anni;2023;7.988.541;
Annuale;Modena;Tasso di disoccupazione;Femmine;35-49 anni;2024;427.116;
Annuale;Modena;Tasso di disoccupazione;Femmine;20-64 anni;2023;7.869.075;
Annuale;Modena;Tasso di disoccupazione;Femmine;20-64 anni;2024;4.657.515;
Annuale;Modena;Tasso di disoccupazione;Femmine;15-64 anni;2023;8.167.577;
Annuale;Modena;Tasso di disoccupazione;Femmine;15-64 anni;2024;5.190.857;
Annuale;Modena;Tasso di disoccupazione;Femmine;15-74 anni;2023;8.053.095;
Annuale;Modena;Tasso di disoccupazione;Femmine;15-74 anni;2024;5.079.588;
Annuale;Modena;Tasso di disoccupazione;Femmine;50-74 anni;2023;4.822.858;
Annuale;Modena;Tasso di disoccupazione;Femmine;50-74 anni;2024;2.689.285;
Annuale;Modena;Tasso di disoccupazione;Totale;15-24 anni;2023;14.188.081;
Annuale;Modena;Tasso di disoccupazione;Totale;15-24 anni;2024;15.666.581;
Annuale;Modena;Tasso di disoccupazione;Totale;25-34 anni;2023;6.013.662;
Annuale;Modena;Tasso di disoccupazione;Totale;25-34 anni;2024;3.364.323;
Annuale;Modena;Tasso di disoccupazione;Totale;15-34 anni;2023;8.156.562;
Annuale;Modena;Tasso di disoccupazione;Totale;15-34 anni;2024;6.777.905;
Annuale;Modena;Tasso di disoccupazione;Totale;35-49 anni;2023;51.879;
Annuale;Modena;Tasso di disoccupazione;Totale;35-49 anni;2024;4.196.588;
Annuale;Modena;Tasso di disoccupazione;Totale;20-64 anni;2023;5.306.762;
Annuale;Modena;Tasso di disoccupazione;Totale;20-64 anni;2024;4.027.447;
Annuale;Modena;Tasso di disoccupazione;Totale;15-64 anni;2023;5.508.359;
Annuale;Modena;Tasso di disoccupazione;Totale;15-64 anni;2024;4.372.411;
Annuale;Modena;Tasso di disoccupazione;Totale;15-74 anni;2023;5.325.423;
Annuale;Modena;Tasso di disoccupazione;Totale;15-74 anni;2024;4.226.364;
Annuale;Modena;Tasso di disoccupazione;Totale;50-74 anni;2023;3.604.566;
Annuale;Modena;Tasso di disoccupazione;Totale;50-74 anni;2024;254.181;
Annuale;Bologna;Tasso di disoccupazione;Maschi;15-24 anni;2023;15.611.932;
Annuale;Bologna;Tasso di disoccupazione;Maschi;15-24 anni;2024;13.973.717;
Annuale;Bologna;Tasso di disoccupazione;Maschi;25-34 anni;2023;6.895.204;
Annuale;Bologna;Tasso di disoccupazione;Maschi;25-34 anni;2024;6.650.559;
Annuale;Bologna;Tasso di disoccupazione;Maschi;15-34 anni;2023;8.804.225;
Annuale;Bologna;Tasso di disoccupazione;Maschi;15-34 anni;2024;8.455.984;
Annuale;Bologna;Tasso di disoccupazione;Maschi;35-49 anni;2023;3.211.448;
Annuale;Bologna;Tasso di disoccupazione;Maschi;35-49 anni;2024;2.750.598;
Annuale;Bologna;Tasso di disoccupazione;Maschi;20-64 anni;2023;4.234.143;
Annuale;Bologna;Tasso di disoccupazione;Maschi;20-64 anni;2024;3.375.354;
Annuale;Bologna;Tasso di disoccupazione;Maschi;15-64 anni;2023;4.213.571;
Annuale;Bologna;Tasso di disoccupazione;Maschi;15-64 anni;2024;3.629.453;
Annuale;Bologna;Tasso di disoccupazione;Maschi;15-74 anni;2023;4.148.404;
Annuale;Bologna;Tasso di disoccupazione;Maschi;15-74 anni;2024;3.566.309;
Annuale;Bologna;Tasso di disoccupazione;Maschi;50-74 anni;2023;1.943.978;
Annuale;Bologna;Tasso di disoccupazione;Maschi;50-74 anni;2024;1.176.388;
Annuale;Bologna;Tasso di disoccupazione;Femmine;15-24 anni;2023;19.613.451;
Annuale;Bologna;Tasso di disoccupazione;Femmine;15-24 anni;2024;15.927.299;
Annuale;Bologna;Tasso di disoccupazione;Femmine;25-34 anni;2023;3.143.467;
Annuale;Bologna;Tasso di disoccupazione;Femmine;25-34 anni;2024;9.965.231;
Annuale;Bologna;Tasso di disoccupazione;Femmine;15-34 anni;2023;6.775.612;
Annuale;Bologna;Tasso di disoccupazione;Femmine;15-34 anni;2024;11.034.838;
Annuale;Bologna;Tasso di disoccupazione;Femmine;35-49 anni;2023;2.381.542;
Annuale;Bologna;Tasso di disoccupazione;Femmine;35-49 anni;2024;4.580.034;
Annuale;Bologna;Tasso di disoccupazione;Femmine;20-64 anni;2023;3.421.659;
Annuale;Bologna;Tasso di disoccupazione;Femmine;20-64 anni;2024;5.720.921;
Annuale;Bologna;Tasso di disoccupazione;Femmine;15-64 anni;2023;3.411.606;
Annuale;Bologna;Tasso di disoccupazione;Femmine;15-64 anni;2024;5.720.921;
Annuale;Bologna;Tasso di disoccupazione;Femmine;15-74 anni;2023;3.430.135;
Annuale;Bologna;Tasso di disoccupazione;Femmine;15-74 anni;2024;5.587.474;
Annuale;Bologna;Tasso di disoccupazione;Femmine;50-74 anni;2023;2.538.232;
Annuale;Bologna;Tasso di disoccupazione;Femmine;50-74 anni;2024;3.861.904;
Annuale;Bologna;Tasso di disoccupazione;Totale;15-24 anni;2023;17.400.039;
Annuale;Bologna;Tasso di disoccupazione;Totale;15-24 anni;2024;14.644.867;
Annuale;Bologna;Tasso di disoccupazione;Totale;25-34 anni;2023;5.231.161;
Annuale;Bologna;Tasso di disoccupazione;Totale;25-34 anni;2024;8.106.463;
Annuale;Bologna;Tasso di disoccupazione;Totale;15-34 anni;2023;7.903.491;
Annuale;Bologna;Tasso di disoccupazione;Totale;15-34 anni;2024;9.534.792;
Annuale;Bologna;Tasso di disoccupazione;Totale;35-49 anni;2023;2.815.282;
Annuale;Bologna;Tasso di disoccupazione;Totale;35-49 anni;2024;3.628.097;
Annuale;Bologna;Tasso di disoccupazione;Totale;20-64 anni;2023;3.849.936;
Annuale;Bologna;Tasso di disoccupazione;Totale;20-64 anni;2024;4.472.351;
Annuale;Bologna;Tasso di disoccupazione;Totale;15-64 anni;2023;3.834.724;
Annuale;Bologna;Tasso di disoccupazione;Totale;15-64 anni;2024;4.604.186;
Annuale;Bologna;Tasso di disoccupazione;Totale;15-74 anni;2023;3.808.957;
Annuale;Bologna;Tasso di disoccupazione;Totale;15-74 anni;2024;4.514.449;
Annuale;Bologna;Tasso di disoccupazione;Totale;50-74 anni;2023;2.232.618;
Annuale;Bologna;Tasso di disoccupazione;Totale;50-74 anni;2024;2.487.147;
Annuale;Ferrara;Tasso di disoccupazione;Maschi;15-24 anni;2023;19.377.163;
Annuale;Ferrara;Tasso di disoccupazione;Maschi;15-24 anni;2024;8.920.455;
Annuale;Ferrara;Tasso di disoccupazione;Maschi;25-34 anni;2023;7.749.562;
Annuale;Ferrara;Tasso di disoccupazione;Maschi;25-34 anni;2024;3.730.917;
Annuale;Ferrara;Tasso di disoccupazione;Maschi;15-34 anni;2023;11.075.801;
Annuale;Ferrara;Tasso di disoccupazione;Maschi;15-34 anni;2024;4.772.494;
Annuale;Ferrara;Tasso di disoccupazione;Maschi;35-49 anni;2023;0.717614;
Annuale;Ferrara;Tasso di disoccupazione;Maschi;35-49 anni;2024;4.968.772;
Annuale;Ferrara;Tasso di disoccupazione;Maschi;20-64 anni;2023;4.586.965;
Annuale;Ferrara;Tasso di disoccupazione;Maschi;20-64 anni;2024;3.298.094;
Annuale;Ferrara;Tasso di disoccupazione;Maschi;15-64 anni;2023;4.610.361;
Annuale;Ferrara;Tasso di disoccupazione;Maschi;15-64 anni;2024;3.523.149;
Annuale;Ferrara;Tasso di disoccupazione;Maschi;15-74 anni;2023;4.446.743;
Annuale;Ferrara;Tasso di disoccupazione;Maschi;15-74 anni;2024;3.431.438;
Annuale;Ferrara;Tasso di disoccupazione;Maschi;50-74 anni;2023;3.961.861;
Annuale;Ferrara;Tasso di disoccupazione;Maschi;50-74 anni;2024;1.577.278;
Annuale;Ferrara;Tasso di disoccupazione;Femmine;15-24 anni;2023;9.836.491;
Annuale;Ferrara;Tasso di disoccupazione;Femmine;15-24 anni;2024;6.540.739;
Annuale;Ferrara;Tasso di disoccupazione;Femmine;25-34 anni;2023;10.013.667;
Annuale;Ferrara;Tasso di disoccupazione;Femmine;25-34 anni;2024;5.907.855;
Annuale;Ferrara;Tasso di disoccupazione;Femmine;15-34 anni;2023;9.967.629;
Annuale;Ferrara;Tasso di disoccupazione;Femmine;15-34 anni;2024;6.038.704;
Annuale;Ferrara;Tasso di disoccupazione;Femmine;35-49 anni;2023;6.103.531;
Annuale;Ferrara;Tasso di disoccupazione;Femmine;35-49 anni;2024;8.646.684;
Annuale;Ferrara;Tasso di disoccupazione;Femmine;20-64 anni;2023;6.686.463;
Annuale;Ferrara;Tasso di disoccupazione;Femmine;20-64 anni;2024;6.763.692;
Annuale;Ferrara;Tasso di disoccupazione;Femmine;15-64 anni;2023;6.942.365;
Annuale;Ferrara;Tasso di disoccupazione;Femmine;15-64 anni;2024;6.838.875;
Annuale;Ferrara;Tasso di disoccupazione;Femmine;15-74 anni;2023;7.043.465;
Annuale;Ferrara;Tasso di disoccupazione;Femmine;15-74 anni;2024;668.435;
Annuale;Ferrara;Tasso di disoccupazione;Femmine;50-74 anni;2023;6.379.649;
Annuale;Ferrara;Tasso di disoccupazione;Femmine;50-74 anni;2024;5.669.639;
Annuale;Ferrara;Tasso di disoccupazione;Totale;15-24 anni;2023;15.443.065;
Annuale;Ferrara;Tasso di disoccupazione;Totale;15-24 anni;2024;7.726.051;
Annuale;Ferrara;Tasso di disoccupazione;Totale;25-34 anni;2023;8.756.787;
Annuale;Ferrara;Tasso di disoccupazione;Totale;25-34 anni;2024;4.803.272;
Annuale;Ferrara;Tasso di disoccupazione;Totale;15-34 anni;2023;10.592.834;
Annuale;Ferrara;Tasso di disoccupazione;Totale;15-34 anni;2024;5.398.784;
Annuale;Ferrara;Tasso di disoccupazione;Totale;35-49 anni;2023;3.188.336;
Annuale;Ferrara;Tasso di disoccupazione;Totale;35-49 anni;2024;6.572.614;
Annuale;Ferrara;Tasso di disoccupazione;Totale;20-64 anni;2023;5.538.993;
Annuale;Ferrara;Tasso di disoccupazione;Totale;20-64 anni;2024;4.893.855;
Annuale;Ferrara;Tasso di disoccupazione;Totale;15-64 anni;2023;5.667.965;
Annuale;Ferrara;Tasso di disoccupazione;Totale;15-64 anni;2024;5.055.529;
Annuale;Ferrara;Tasso di disoccupazione;Totale;15-74 anni;2023;5.616.715;
Annuale;Ferrara;Tasso di disoccupazione;Totale;15-74 anni;2024;493.951;
Annuale;Ferrara;Tasso di disoccupazione;Totale;50-74 anni;2023;5.053.283;
Annuale;Ferrara;Tasso di disoccupazione;Totale;50-74 anni;2024;3.492.802;
Annuale;Ravenna;Tasso di disoccupazione;Maschi;15-24 anni;2023;18.283.525;
Annuale;Ravenna;Tasso di disoccupazione;Maschi;15-24 anni;2024;15.958.753;
Annuale;Ravenna;Tasso di disoccupazione;Maschi;25-34 anni;2023;4.997.136;
Annuale;Ravenna;Tasso di disoccupazione;Maschi;25-34 anni;2024;5.507.363;
Annuale;Ravenna;Tasso di disoccupazione;Maschi;15-34 anni;2023;9.227.541;
Annuale;Ravenna;Tasso di disoccupazione;Maschi;15-34 anni;2024;9.206.239;
Annuale;Ravenna;Tasso di disoccupazione;Maschi;35-49 anni;2023;1.873.691;
Annuale;Ravenna;Tasso di disoccupazione;Maschi;35-49 anni;2024;2.061.595;
Annuale;Ravenna;Tasso di disoccupazione;Maschi;20-64 anni;2023;340.947;
Annuale;Ravenna;Tasso di disoccupazione;Maschi;20-64 anni;2024;2.661.383;
Annuale;Ravenna;Tasso di disoccupazione;Maschi;15-64 anni;2023;3.662.336;
Annuale;Ravenna;Tasso di disoccupazione;Maschi;15-64 anni;2024;3.841.809;
Annuale;Ravenna;Tasso di disoccupazione;Maschi;15-74 anni;2023;3.547.053;
Annuale;Ravenna;Tasso di disoccupazione;Maschi;15-74 anni;2024;364.717;
Annuale;Ravenna;Tasso di disoccupazione;Maschi;50-74 anni;2023;2.188.385;
Annuale;Ravenna;Tasso di disoccupazione;Maschi;50-74 anni;2024;1.909.697;
Annuale;Ravenna;Tasso di disoccupazione;Femmine;15-24 anni;2023;11.937.076;
Annuale;Ravenna;Tasso di disoccupazione;Femmine;15-24 anni;2024;4.072.566;
Annuale;Ravenna;Tasso di disoccupazione;Femmine;25-34 anni;2023;8.165.874;
Annuale;Ravenna;Tasso di disoccupazione;Femmine;25-34 anni;2024;4.950.744;
Annuale;Ravenna;Tasso di disoccupazione;Femmine;15-34 anni;2023;8.871.573;
Annuale;Ravenna;Tasso di disoccupazione;Femmine;15-34 anni;2024;4.823.479;
Annuale;Ravenna;Tasso di disoccupazione;Femmine;35-49 anni;2023;3.511.465;
Annuale;Ravenna;Tasso di disoccupazione;Femmine;35-49 anni;2024;5.124.437;
Annuale;Ravenna;Tasso di disoccupazione;Femmine;20-64 anni;2023;5.694.825;
Annuale;Ravenna;Tasso di disoccupazione;Femmine;20-64 anni;2024;4.616.868;
Annuale;Ravenna;Tasso di disoccupazione;Femmine;15-64 anni;2023;6.002.651;
Annuale;Ravenna;Tasso di disoccupazione;Femmine;15-64 anni;2024;4.744.784;
Annuale;Ravenna;Tasso di disoccupazione;Femmine;15-74 anni;2023;5.916.681;
Annuale;Ravenna;Tasso di disoccupazione;Femmine;15-74 anni;2024;4.646.319;
Annuale;Ravenna;Tasso di disoccupazione;Femmine;50-74 anni;2023;6.738.865;
Annuale;Ravenna;Tasso di disoccupazione;Femmine;50-74 anni;2024;4.075.135;
Annuale;Ravenna;Tasso di disoccupazione;Totale;15-24 anni;2023;16.176.922;
Annuale;Ravenna;Tasso di disoccupazione;Totale;15-24 anni;2024;12.998.986;
Annuale;Ravenna;Tasso di disoccupazione;Totale;25-34 anni;2023;6.588;
Annuale;Ravenna;Tasso di disoccupazione;Totale;25-34 anni;2024;5.219.424;
Annuale;Ravenna;Tasso di disoccupazione;Totale;15-34 anni;2023;9.061.822;
Annuale;Ravenna;Tasso di disoccupazione;Totale;15-34 anni;2024;7.245.229;
Annuale;Ravenna;Tasso di disoccupazione;Totale;35-49 anni;2023;2.624.288;
Annuale;Ravenna;Tasso di disoccupazione;Totale;35-49 anni;2024;3.476.634;
Annuale;Ravenna;Tasso di disoccupazione;Totale;20-64 anni;2023;4.456.768;
Annuale;Ravenna;Tasso di disoccupazione;Totale;20-64 anni;2024;3.560.282;
Annuale;Ravenna;Tasso di disoccupazione;Totale;15-64 anni;2023;4.730.356;
Annuale;Ravenna;Tasso di disoccupazione;Totale;15-64 anni;2024;4.252.416;
Annuale;Ravenna;Tasso di disoccupazione;Totale;15-74 anni;2023;4.618.136;
Annuale;Ravenna;Tasso di disoccupazione;Totale;15-74 anni;2024;4.093.859;
Annuale;Ravenna;Tasso di disoccupazione;Totale;50-74 anni;2023;4.203.342;
Annuale;Ravenna;Tasso di disoccupazione;Totale;50-74 anni;2024;2.847.647;
Annuale;Forlì-Cesena;Tasso di disoccupazione;Maschi;15-24 anni;2023;19.696.265;
Annuale;Forlì-Cesena;Tasso di disoccupazione;Maschi;15-24 anni;2024;439.418;
Annuale;Forlì-Cesena;Tasso di disoccupazione;Maschi;25-34 anni;2023;1.419.315;
Annuale;Forlì-Cesena;Tasso di disoccupazione;Maschi;25-34 anni;2024;3.481.063;
Annuale;Forlì-Cesena;Tasso di disoccupazione;Maschi;15-34 anni;2023;5.969.342;
Annuale;Forlì-Cesena;Tasso di disoccupazione;Maschi;15-34 anni;2024;3.726.036;
Annuale;Forlì-Cesena;Tasso di disoccupazione;Maschi;35-49 anni;2023;2.465.613;
Annuale;Forlì-Cesena;Tasso di disoccupazione;Maschi;35-49 anni;2024;3.273.309;
Annuale;Forlì-Cesena;Tasso di disoccupazione;Maschi;20-64 anni;2023;3.042.753;
Annuale;Forlì-Cesena;Tasso di disoccupazione;Maschi;20-64 anni;2024;2.985.945;
Annuale;Forlì-Cesena;Tasso di disoccupazione;Maschi;15-64 anni;2023;356.191;
Annuale;Forlì-Cesena;Tasso di disoccupazione;Maschi;15-64 anni;2024;3.158.849;
Annuale;Forlì-Cesena;Tasso di disoccupazione;Maschi;15-74 anni;2023;3.422.821;
Annuale;Forlì-Cesena;Tasso di disoccupazione;Maschi;15-74 anni;2024;3.035.912;
Annuale;Forlì-Cesena;Tasso di disoccupazione;Maschi;50-74 anni;2023;2.583.752;
Annuale;Forlì-Cesena;Tasso di disoccupazione;Maschi;50-74 anni;2024;2.387.464;
Annuale;Forlì-Cesena;Tasso di disoccupazione;Femmine;15-24 anni;2023;15.434.501;
Annuale;Forlì-Cesena;Tasso di disoccupazione;Femmine;15-24 anni;2024;7.739.726;
Annuale;Forlì-Cesena;Tasso di disoccupazione;Femmine;25-34 anni;2023;1.081.064;
Annuale;Forlì-Cesena;Tasso di disoccupazione;Femmine;25-34 anni;2024;7.228.208;
Annuale;Forlì-Cesena;Tasso di disoccupazione;Femmine;15-34 anni;2023;11.856.451;
Annuale;Forlì-Cesena;Tasso di disoccupazione;Femmine;15-34 anni;2024;7.304.233;
Annuale;Forlì-Cesena;Tasso di disoccupazione;Femmine;35-49 anni;2023;7.773.852;
Annuale;Forlì-Cesena;Tasso di disoccupazione;Femmine;35-49 anni;2024;3.595.029;
Annuale;Forlì-Cesena;Tasso di disoccupazione;Femmine;20-64 anni;2023;6.990.213;
Annuale;Forlì-Cesena;Tasso di disoccupazione;Femmine;20-64 anni;2024;4;
Annuale;Forlì-Cesena;Tasso di disoccupazione;Femmine;15-64 anni;2023;7.166.673;
Annuale;Forlì-Cesena;Tasso di disoccupazione;Femmine;15-64 anni;2024;398.282;
Annuale;Forlì-Cesena;Tasso di disoccupazione;Femmine;15-74 anni;2023;7.126.619;
Annuale;Forlì-Cesena;Tasso di disoccupazione;Femmine;15-74 anni;2024;3.827.995;
Annuale;Forlì-Cesena;Tasso di disoccupazione;Femmine;50-74 anni;2023;3.803.576;
Annuale;Forlì-Cesena;Tasso di disoccupazione;Femmine;50-74 anni;2024;2.292.645;
Annuale;Forlì-Cesena;Tasso di disoccupazione;Totale;15-24 anni;2023;17.916.779;
Annuale;Forlì-Cesena;Tasso di disoccupazione;Totale;15-24 anni;2024;5.384.849;
Annuale;Forlì-Cesena;Tasso di disoccupazione;Totale;25-34 anni;2023;5.633.204;
Annuale;Forlì-Cesena;Tasso di disoccupazione;Totale;25-34 anni;2024;5.153.736;
Annuale;Forlì-Cesena;Tasso di disoccupazione;Totale;15-34 anni;2023;856.921;
Annuale;Forlì-Cesena;Tasso di disoccupazione;Totale;15-34 anni;2024;5.205.405;
Annuale;Forlì-Cesena;Tasso di disoccupazione;Totale;35-49 anni;2023;4.974.795;
Annuale;Forlì-Cesena;Tasso di disoccupazione;Totale;35-49 anni;2024;3.419.726;
Annuale;Forlì-Cesena;Tasso di disoccupazione;Totale;20-64 anni;2023;4.905.515;
Annuale;Forlì-Cesena;Tasso di disoccupazione;Totale;20-64 anni;2024;3.448.881;
Annuale;Forlì-Cesena;Tasso di disoccupazione;Totale;15-64 anni;2023;5.262.809;
Annuale;Forlì-Cesena;Tasso di disoccupazione;Totale;15-64 anni;2024;3.532.038;
Annuale;Forlì-Cesena;Tasso di disoccupazione;Totale;15-74 anni;2023;5.150.994;
Annuale;Forlì-Cesena;Tasso di disoccupazione;Totale;15-74 anni;2024;3.394.649;
Annuale;Forlì-Cesena;Tasso di disoccupazione;Totale;50-74 anni;2023;316.562;
Annuale;Forlì-Cesena;Tasso di disoccupazione;Totale;50-74 anni;2024;2.342.338;
Annuale;Rimini;Tasso di disoccupazione;Maschi;15-24 anni;2023;29.599.178;
Annuale;Rimini;Tasso di disoccupazione;Maschi;15-24 anni;2024;5.914.385;
Annuale;Rimini;Tasso di disoccupazione;Maschi;25-34 anni;2023;10.838.735;
Annuale;Rimini;Tasso di disoccupazione;Maschi;25-34 anni;2024;8.328.594;
Annuale;Rimini;Tasso di disoccupazione;Maschi;15-34 anni;2023;1.530.223;
Annuale;Rimini;Tasso di disoccupazione;Maschi;15-34 anni;2024;7.616.883;
Annuale;Rimini;Tasso di disoccupazione;Maschi;35-49 anni;2023;4.654.901;
Annuale;Rimini;Tasso di disoccupazione;Maschi;35-49 anni;2024;0.765938;
Annuale;Rimini;Tasso di disoccupazione;Maschi;20-64 anni;2023;7.444.286;
Annuale;Rimini;Tasso di disoccupazione;Maschi;20-64 anni;2024;2.960.806;
Annuale;Rimini;Tasso di disoccupazione;Maschi;15-64 anni;2023;7.466.465;
Annuale;Rimini;Tasso di disoccupazione;Maschi;15-64 anni;2024;3.013.612;
Annuale;Rimini;Tasso di disoccupazione;Maschi;15-74 anni;2023;7.204.214;
Annuale;Rimini;Tasso di disoccupazione;Maschi;15-74 anni;2024;287.901;
Annuale;Rimini;Tasso di disoccupazione;Maschi;50-74 anni;2023;472.241;
Annuale;Rimini;Tasso di disoccupazione;Maschi;50-74 anni;2024;176.186;
Annuale;Rimini;Tasso di disoccupazione;Femmine;15-24 anni;2023;33.817.795;
Annuale;Rimini;Tasso di disoccupazione;Femmine;15-24 anni;2024;5.072.709;
Annuale;Rimini;Tasso di disoccupazione;Femmine;25-34 anni;2023;5.934.922;
Annuale;Rimini;Tasso di disoccupazione;Femmine;25-34 anni;2024;8.366.564;
Annuale;Rimini;Tasso di disoccupazione;Femmine;15-34 anni;2023;10.877.899;
Annuale;Rimini;Tasso di disoccupazione;Femmine;15-34 anni;2024;776.711;
Annuale;Rimini;Tasso di disoccupazione;Femmine;35-49 anni;2023;6.385.443;
Annuale;Rimini;Tasso di disoccupazione;Femmine;35-49 anni;2024;11.795.197;
Annuale;Rimini;Tasso di disoccupazione;Femmine;20-64 anni;2023;7.227.163;
Annuale;Rimini;Tasso di disoccupazione;Femmine;20-64 anni;2024;7.210.822;
Annuale;Rimini;Tasso di disoccupazione;Femmine;15-64 anni;2023;7.864.351;
Annuale;Rimini;Tasso di disoccupazione;Femmine;15-64 anni;2024;7.176.415;
Annuale;Rimini;Tasso di disoccupazione;Femmine;15-74 anni;2023;7.702.371;
Annuale;Rimini;Tasso di disoccupazione;Femmine;15-74 anni;2024;7.055.289;
Annuale;Rimini;Tasso di disoccupazione;Femmine;50-74 anni;2023;712.098;
Annuale;Rimini;Tasso di disoccupazione;Femmine;50-74 anni;2024;1.950.896;
Annuale;Rimini;Tasso di disoccupazione;Totale;15-24 anni;2023;31.147.541;
Annuale;Rimini;Tasso di disoccupazione;Totale;15-24 anni;2024;5.654.264;
Annuale;Rimini;Tasso di disoccupazione;Totale;25-34 anni;2023;8.599.826;
Annuale;Rimini;Tasso di disoccupazione;Totale;25-34 anni;2024;8.345.927;
Annuale;Rimini;Tasso di disoccupazione;Totale;15-34 anni;2023;13.365.969;
Annuale;Rimini;Tasso di disoccupazione;Totale;15-34 anni;2024;7.679.979;
Annuale;Rimini;Tasso di disoccupazione;Totale;35-49 anni;2023;5.463.946;
Annuale;Rimini;Tasso di disoccupazione;Totale;35-49 anni;2024;5.875.037;
Annuale;Rimini;Tasso di disoccupazione;Totale;20-64 anni;2023;7.347.338;
Annuale;Rimini;Tasso di disoccupazione;Totale;20-64 anni;2024;4.848.783;
Annuale;Rimini;Tasso di disoccupazione;Totale;15-64 anni;2023;7.644.335;
Annuale;Rimini;Tasso di disoccupazione;Totale;15-64 anni;2024;4.854.892;
Annuale;Rimini;Tasso di disoccupazione;Totale;15-74 anni;2023;7.425.069;
Annuale;Rimini;Tasso di disoccupazione;Totale;15-74 anni;2024;4.711.378;
Annuale;Rimini;Tasso di disoccupazione;Totale;50-74 anni;2023;5.739.995;
Annuale;Rimini;Tasso di disoccupazione;Totale;50-74 anni;2024;1.844.246;
